
-- TIENDAS.CSV --

INSERT INTO tienda (nombre, ciudad, barrio) VALUES ('Ahorramas', 'Alcala', 'El Val');
INSERT INTO tienda (nombre, ciudad, barrio) VALUES ('Dia', 'Madrid', 'Aluche');
INSERT INTO tienda (nombre, ciudad, barrio) VALUES ('Mercadona', 'Alcala', 'Espartales');
INSERT INTO tienda (nombre, ciudad, barrio) VALUES ('Lidl', 'Madrid', 'La Dehesa');
INSERT INTO tienda (nombre, ciudad, barrio) VALUES ('Hipercor', 'Alcala', 'Garena');
INSERT INTO tienda (nombre, ciudad, barrio) VALUES ('Carrefour', 'Zaragoza', 'Jota');
INSERT INTO tienda (nombre, ciudad, barrio) VALUES ('Primaprix', 'Torrejon', 'El Soto');
INSERT INTO tienda (nombre, ciudad, barrio) VALUES ('Spar', 'Daganzo', 'Daganzo');
INSERT INTO tienda (nombre, ciudad, barrio) VALUES ('Bonarea', 'Meco', 'Meco');
INSERT INTO tienda (nombre, ciudad, barrio) VALUES ('Consum', 'Valencia', 'La Punta');

-- FIN TIENDAS.CSV --

-- TRABAJADORES.CSV --
INSERT INTO public.trabajador (dni, nombre, telefono, movil, turno, nombre_tienda, nota_media) VALUES ('16590814Y', 'Rogan Clay', '123456789', '5', false, 'Mercadona', 2);
INSERT INTO public.trabajador (dni, nombre, telefono, movil, turno, nombre_tienda, nota_media) VALUES ('16051022G', 'Aphrodite Caldwell', '123456789', '8', false, 'Mercadona', 2);
INSERT INTO public.trabajador (dni, nombre, telefono, movil, turno, nombre_tienda, nota_media) VALUES ('16570928H', 'Zephania Perry', '123456789', '5', true, 'Mercadona', 2);
INSERT INTO public.trabajador (dni, nombre, telefono, movil, turno, nombre_tienda, nota_media) VALUES ('16760706I', 'Camille Lucas', '123456789', '9', false, 'Mercadona', 2);
INSERT INTO public.trabajador (dni, nombre, telefono, movil, turno, nombre_tienda, nota_media) VALUES ('16580723O', 'Lenore Booth', '123456789', '6', true, 'Mercadona', 2);
INSERT INTO public.trabajador (dni, nombre, telefono, movil, turno, nombre_tienda, nota_media) VALUES ('16561025P', 'Karyn Gordon', '123456789', '5', false, 'Mercadona', 2);
INSERT INTO public.trabajador (dni, nombre, telefono, movil, turno, nombre_tienda, nota_media) VALUES ('16170309Q', 'Yetta Gordon', '123456789', '9', false, 'Mercadona', 2);
INSERT INTO public.trabajador (dni, nombre, telefono, movil, turno, nombre_tienda, nota_media) VALUES ('16340327D', 'Orli Walls', '123456789', '3', true, 'Mercadona', 2);
INSERT INTO public.trabajador (dni, nombre, telefono, movil, turno, nombre_tienda, nota_media) VALUES ('16440202T', 'Axel Best', '123456789', '7', true, 'Mercadona', 2);
INSERT INTO public.trabajador (dni, nombre, telefono, movil, turno, nombre_tienda, nota_media) VALUES ('16611108X', 'Erasmus Joseph', '123456789', '2', false, 'Mercadona', 2);
INSERT INTO public.trabajador (dni, nombre, telefono, movil, turno, nombre_tienda, nota_media) VALUES ('16531223G', 'Jonas Schneider', '123456789', '3', true, 'Dia', 5);
INSERT INTO public.trabajador (dni, nombre, telefono, movil, turno, nombre_tienda, nota_media) VALUES ('16430228A', 'Ifeoma Tyler', '123456789', '6', true, 'Dia', 5);
INSERT INTO public.trabajador (dni, nombre, telefono, movil, turno, nombre_tienda, nota_media) VALUES ('16970222H', 'Haley Roberts', '123456789', '8', true, 'Dia', 5);
INSERT INTO public.trabajador (dni, nombre, telefono, movil, turno, nombre_tienda, nota_media) VALUES ('16340405G', 'Bo Webb', '123456789', '7', false, 'Dia', 5);
INSERT INTO public.trabajador (dni, nombre, telefono, movil, turno, nombre_tienda, nota_media) VALUES ('16070410U', 'Kelsey Holcomb', '123456789', '6', false, 'Dia', 5);
INSERT INTO public.trabajador (dni, nombre, telefono, movil, turno, nombre_tienda, nota_media) VALUES ('16721224T', 'Ferris Wilkins', '123456789', '7', true, 'Dia', 5);
INSERT INTO public.trabajador (dni, nombre, telefono, movil, turno, nombre_tienda, nota_media) VALUES ('16250612R', 'Brianna Santos', '123456789', '2', false, 'Dia', 5);
INSERT INTO public.trabajador (dni, nombre, telefono, movil, turno, nombre_tienda, nota_media) VALUES ('16850722M', 'Myra Duncan', '123456789', '1', true, 'Dia', 5);
INSERT INTO public.trabajador (dni, nombre, telefono, movil, turno, nombre_tienda, nota_media) VALUES ('16361111F', 'Hoyt Hensley', '123456789', '6', false, 'Dia', 5);
INSERT INTO public.trabajador (dni, nombre, telefono, movil, turno, nombre_tienda, nota_media) VALUES ('16791021D', 'Alisa Keller', '123456789', '4', true, 'Dia', 5);
INSERT INTO public.trabajador (dni, nombre, telefono, movil, turno, nombre_tienda, nota_media) VALUES ('16250430K', 'Baxter Small', '123456789', '10', false, 'Carrefour', 8);
INSERT INTO public.trabajador (dni, nombre, telefono, movil, turno, nombre_tienda, nota_media) VALUES ('16001105L', 'Kasimir Reyes', '123456789', '9', false, 'Carrefour', 8);
INSERT INTO public.trabajador (dni, nombre, telefono, movil, turno, nombre_tienda, nota_media) VALUES ('16810517E', 'Allegra Rocha', '123456789', '1', false, 'Carrefour', 8);
INSERT INTO public.trabajador (dni, nombre, telefono, movil, turno, nombre_tienda, nota_media) VALUES ('16710610S', 'Oscar Buckner', '123456789', '7', false, 'Carrefour', 8);
INSERT INTO public.trabajador (dni, nombre, telefono, movil, turno, nombre_tienda, nota_media) VALUES ('16830515V', 'Jessamine Hammond', '123456789', '9', true, 'Carrefour', 8);
INSERT INTO public.trabajador (dni, nombre, telefono, movil, turno, nombre_tienda, nota_media) VALUES ('16090929D', 'Florence Watts', '123456789', '1', false, 'Carrefour', 8);
INSERT INTO public.trabajador (dni, nombre, telefono, movil, turno, nombre_tienda, nota_media) VALUES ('16781125G', 'Louis Summers', '123456789', '5', true, 'Carrefour', 8);
INSERT INTO public.trabajador (dni, nombre, telefono, movil, turno, nombre_tienda, nota_media) VALUES ('16630211C', 'Tamara Galloway', '123456789', '2', false, 'Carrefour', 8);
INSERT INTO public.trabajador (dni, nombre, telefono, movil, turno, nombre_tienda, nota_media) VALUES ('16410123H', 'Honorato Sharp', '123456789', '1', false, 'Carrefour', 8);
INSERT INTO public.trabajador (dni, nombre, telefono, movil, turno, nombre_tienda, nota_media) VALUES ('16601002Q', 'Miranda Russell', '123456789', '3', false, 'Carrefour', 8);
INSERT INTO public.trabajador (dni, nombre, telefono, movil, turno, nombre_tienda, nota_media) VALUES ('16541008D', 'Kirsten Morrison', '123456789', '5', false, 'Primaprix', 9);
INSERT INTO public.trabajador (dni, nombre, telefono, movil, turno, nombre_tienda, nota_media) VALUES ('16080824E', 'Brendan Whitley', '123456789', '8', true, 'Primaprix', 9);
INSERT INTO public.trabajador (dni, nombre, telefono, movil, turno, nombre_tienda, nota_media) VALUES ('16820329A', 'Desiree Meadows', '123456789', '4', true, 'Primaprix', 9);
INSERT INTO public.trabajador (dni, nombre, telefono, movil, turno, nombre_tienda, nota_media) VALUES ('16881127A', 'Ora Lynn', '123456789', '7', false, 'Primaprix', 9);
INSERT INTO public.trabajador (dni, nombre, telefono, movil, turno, nombre_tienda, nota_media) VALUES ('16300912N', 'Anjolie Pearson', '123456789', '7', true, 'Primaprix', 9);
INSERT INTO public.trabajador (dni, nombre, telefono, movil, turno, nombre_tienda, nota_media) VALUES ('16730413B', 'Dorian Berger', '123456789', '7', false, 'Primaprix', 9);
INSERT INTO public.trabajador (dni, nombre, telefono, movil, turno, nombre_tienda, nota_media) VALUES ('16890707B', 'Garth Roberson', '123456789', '9', true, 'Primaprix', 9);
INSERT INTO public.trabajador (dni, nombre, telefono, movil, turno, nombre_tienda, nota_media) VALUES ('16530507M', 'Merritt Holloway', '123456789', '6', true, 'Primaprix', 9);
INSERT INTO public.trabajador (dni, nombre, telefono, movil, turno, nombre_tienda, nota_media) VALUES ('16550503F', 'Julie Mclaughlin', '123456789', '9', false, 'Primaprix', 9);
INSERT INTO public.trabajador (dni, nombre, telefono, movil, turno, nombre_tienda, nota_media) VALUES ('16000607P', 'Macey Michael', '123456789', '1', true, 'Primaprix', 9);
INSERT INTO public.trabajador (dni, nombre, telefono, movil, turno, nombre_tienda, nota_media) VALUES ('16560807X', 'Kevyn Livingston', '123456789', '7', true, 'Spar', 10);
INSERT INTO public.trabajador (dni, nombre, telefono, movil, turno, nombre_tienda, nota_media) VALUES ('16120518F', 'Nicole Henson', '123456789', '2', true, 'Spar', 10);
INSERT INTO public.trabajador (dni, nombre, telefono, movil, turno, nombre_tienda, nota_media) VALUES ('16850207C', 'Shaine Kane', '123456789', '5', true, 'Spar', 10);
INSERT INTO public.trabajador (dni, nombre, telefono, movil, turno, nombre_tienda, nota_media) VALUES ('16550409X', 'Zahir Phelps', '123456789', '9', false, 'Spar', 10);
INSERT INTO public.trabajador (dni, nombre, telefono, movil, turno, nombre_tienda, nota_media) VALUES ('16270524Z', 'Inez Watson', '123456789', '1', true, 'Spar', 10);
INSERT INTO public.trabajador (dni, nombre, telefono, movil, turno, nombre_tienda, nota_media) VALUES ('16251012X', 'Cullen Beck', '123456789', '9', false, 'Spar', 10);
INSERT INTO public.trabajador (dni, nombre, telefono, movil, turno, nombre_tienda, nota_media) VALUES ('16240217R', 'Maile Vazquez', '123456789', '6', true, 'Spar', 10);
INSERT INTO public.trabajador (dni, nombre, telefono, movil, turno, nombre_tienda, nota_media) VALUES ('16920702G', 'Kim Odom', '123456789', '4', false, 'Spar', 10);
INSERT INTO public.trabajador (dni, nombre, telefono, movil, turno, nombre_tienda, nota_media) VALUES ('16251107J', 'Robin Case', '123456789', '3', true, 'Spar', 10);
INSERT INTO public.trabajador (dni, nombre, telefono, movil, turno, nombre_tienda, nota_media) VALUES ('16371025L', 'Marsden Britt', '123456789', '6', true, 'Spar', 10);
INSERT INTO public.trabajador (dni, nombre, telefono, movil, turno, nombre_tienda, nota_media) VALUES ('16540718M', 'Christine Galloway', '123456789', '5', false, 'Bonarea', 7);
INSERT INTO public.trabajador (dni, nombre, telefono, movil, turno, nombre_tienda, nota_media) VALUES ('16551002D', 'Stewart Avery', '123456789', '1', true, 'Bonarea', 7);
INSERT INTO public.trabajador (dni, nombre, telefono, movil, turno, nombre_tienda, nota_media) VALUES ('16850127S', 'Thomas Carey', '123456789', '8', false, 'Bonarea', 7);
INSERT INTO public.trabajador (dni, nombre, telefono, movil, turno, nombre_tienda, nota_media) VALUES ('16560319F', 'Nathaniel Riddle', '123456789', '6', false, 'Bonarea', 7);
INSERT INTO public.trabajador (dni, nombre, telefono, movil, turno, nombre_tienda, nota_media) VALUES ('16530725Y', 'Mari Mckinney', '123456789', '10', true, 'Bonarea', 7);
INSERT INTO public.trabajador (dni, nombre, telefono, movil, turno, nombre_tienda, nota_media) VALUES ('16841028U', 'Xavier Schroeder', '123456789', '3', true, 'Bonarea', 7);
INSERT INTO public.trabajador (dni, nombre, telefono, movil, turno, nombre_tienda, nota_media) VALUES ('16151204T', 'Heidi Chang', '123456789', '9', true, 'Bonarea', 7);
INSERT INTO public.trabajador (dni, nombre, telefono, movil, turno, nombre_tienda, nota_media) VALUES ('16350711X', 'Sydnee Chaney', '123456789', '7', false, 'Bonarea', 7);
INSERT INTO public.trabajador (dni, nombre, telefono, movil, turno, nombre_tienda, nota_media) VALUES ('16210804F', 'Marvin Jackson', '123456789', '10', true, 'Bonarea', 7);
INSERT INTO public.trabajador (dni, nombre, telefono, movil, turno, nombre_tienda, nota_media) VALUES ('16860920H', 'Justine Malone', '123456789', '5', false, 'Bonarea', 7);
INSERT INTO public.trabajador (dni, nombre, telefono, movil, turno, nombre_tienda, nota_media) VALUES ('16250204B', 'Orson Wise', '123456789', '10', false, 'Ahorramas', 6);
INSERT INTO public.trabajador (dni, nombre, telefono, movil, turno, nombre_tienda, nota_media) VALUES ('16200516G', 'Jesse Lambert', '123456789', '4', false, 'Ahorramas', 6);
INSERT INTO public.trabajador (dni, nombre, telefono, movil, turno, nombre_tienda, nota_media) VALUES ('16650822R', 'Kaitlin Mcclure', '123456789', '7', true, 'Ahorramas', 6);
INSERT INTO public.trabajador (dni, nombre, telefono, movil, turno, nombre_tienda, nota_media) VALUES ('16591010H', 'Skyler Kelly', '123456789', '1', false, 'Ahorramas', 6);
INSERT INTO public.trabajador (dni, nombre, telefono, movil, turno, nombre_tienda, nota_media) VALUES ('16660309W', 'Sybill Rhodes', '123456789', '3', true, 'Ahorramas', 6);
INSERT INTO public.trabajador (dni, nombre, telefono, movil, turno, nombre_tienda, nota_media) VALUES ('16031003S', 'Aubrey Butler', '123456789', '7', false, 'Ahorramas', 6);
INSERT INTO public.trabajador (dni, nombre, telefono, movil, turno, nombre_tienda, nota_media) VALUES ('16831126P', 'Evan Monroe', '123456789', '6', true, 'Ahorramas', 6);
INSERT INTO public.trabajador (dni, nombre, telefono, movil, turno, nombre_tienda, nota_media) VALUES ('16830912L', 'Lucius Ware', '123456789', '5', true, 'Ahorramas', 6);
INSERT INTO public.trabajador (dni, nombre, telefono, movil, turno, nombre_tienda, nota_media) VALUES ('16820114U', 'Kristen Juarez', '123456789', '4', false, 'Ahorramas', 6);
INSERT INTO public.trabajador (dni, nombre, telefono, movil, turno, nombre_tienda, nota_media) VALUES ('16311119J', 'Anne Mccormick', '123456789', '10', true, 'Ahorramas', 6);
INSERT INTO public.trabajador (dni, nombre, telefono, movil, turno, nombre_tienda, nota_media) VALUES ('16030129T', 'Christen Russo', '123456789', '1', false, 'Consum', 4);
INSERT INTO public.trabajador (dni, nombre, telefono, movil, turno, nombre_tienda, nota_media) VALUES ('16780219G', 'Lamar Harrell', '123456789', '8', false, 'Consum', 4);
INSERT INTO public.trabajador (dni, nombre, telefono, movil, turno, nombre_tienda, nota_media) VALUES ('16630516G', 'Jescie Olson', '123456789', '3', true, 'Consum', 4);
INSERT INTO public.trabajador (dni, nombre, telefono, movil, turno, nombre_tienda, nota_media) VALUES ('16130813K', 'Charde Mckenzie', '123456789', '8', true, 'Consum', 4);
INSERT INTO public.trabajador (dni, nombre, telefono, movil, turno, nombre_tienda, nota_media) VALUES ('16850607P', 'Camden Schultz', '123456789', '5', false, 'Consum', 4);
INSERT INTO public.trabajador (dni, nombre, telefono, movil, turno, nombre_tienda, nota_media) VALUES ('16020508I', 'Candace Pope', '123456789', '7', true, 'Consum', 4);
INSERT INTO public.trabajador (dni, nombre, telefono, movil, turno, nombre_tienda, nota_media) VALUES ('16810406V', 'Nadine Hendricks', '123456789', '6', false, 'Consum', 4);
INSERT INTO public.trabajador (dni, nombre, telefono, movil, turno, nombre_tienda, nota_media) VALUES ('16130406F', 'Lana Hicks', '123456789', '4', true, 'Consum', 4);
INSERT INTO public.trabajador (dni, nombre, telefono, movil, turno, nombre_tienda, nota_media) VALUES ('16261029X', 'Kylan Dean', '123456789', '1', true, 'Consum', 4);
INSERT INTO public.trabajador (dni, nombre, telefono, movil, turno, nombre_tienda, nota_media) VALUES ('16880502F', 'Dylan Crosby', '123456789', '2', false, 'Consum', 4);
INSERT INTO public.trabajador (dni, nombre, telefono, movil, turno, nombre_tienda, nota_media) VALUES ('16151029T', 'Walker Cervantes', '123456789', '7', true, 'Lidl', 3);
INSERT INTO public.trabajador (dni, nombre, telefono, movil, turno, nombre_tienda, nota_media) VALUES ('16890617H', 'Callum Flynn', '123456789', '10', false, 'Lidl', 3);
INSERT INTO public.trabajador (dni, nombre, telefono, movil, turno, nombre_tienda, nota_media) VALUES ('16650403A', 'Addison Clemons', '123456789', '6', false, 'Lidl', 3);
INSERT INTO public.trabajador (dni, nombre, telefono, movil, turno, nombre_tienda, nota_media) VALUES ('16370815D', 'Neil Cotton', '123456789', '7', true, 'Lidl', 3);
INSERT INTO public.trabajador (dni, nombre, telefono, movil, turno, nombre_tienda, nota_media) VALUES ('16860728J', 'Eve Farley', '123456789', '6', true, 'Lidl', 3);
INSERT INTO public.trabajador (dni, nombre, telefono, movil, turno, nombre_tienda, nota_media) VALUES ('16291119R', 'Tyler Peterson', '123456789', '1', true, 'Lidl', 3);
INSERT INTO public.trabajador (dni, nombre, telefono, movil, turno, nombre_tienda, nota_media) VALUES ('16751109E', 'Sybil Steele', '123456789', '7', false, 'Lidl', 3);
INSERT INTO public.trabajador (dni, nombre, telefono, movil, turno, nombre_tienda, nota_media) VALUES ('16400801J', 'Hamilton Nolan', '123456789', '1', false, 'Lidl', 3);
INSERT INTO public.trabajador (dni, nombre, telefono, movil, turno, nombre_tienda, nota_media) VALUES ('16090217M', 'Paloma Mcleod', '123456789', '1', true, 'Lidl', 3);
INSERT INTO public.trabajador (dni, nombre, telefono, movil, turno, nombre_tienda, nota_media) VALUES ('16480503H', 'Amber Lynn', '123456789', '9', true, 'Lidl', 3);
INSERT INTO public.trabajador (dni, nombre, telefono, movil, turno, nombre_tienda, nota_media) VALUES ('16650621F', 'Lee Eaton', '123456789', '5', false, 'Hipercor', 1);
INSERT INTO public.trabajador (dni, nombre, telefono, movil, turno, nombre_tienda, nota_media) VALUES ('16551107K', 'Zorita Lamb', '123456789', '5', true, 'Hipercor', 1);
INSERT INTO public.trabajador (dni, nombre, telefono, movil, turno, nombre_tienda, nota_media) VALUES ('16210226F', 'Cruz Sheppard', '123456789', '1', true, 'Hipercor', 1);
INSERT INTO public.trabajador (dni, nombre, telefono, movil, turno, nombre_tienda, nota_media) VALUES ('16020107Y', 'Aimee Browning', '123456789', '3', false, 'Hipercor', 1);
INSERT INTO public.trabajador (dni, nombre, telefono, movil, turno, nombre_tienda, nota_media) VALUES ('16511107B', 'Mara Park', '123456789', '6', true, 'Hipercor', 1);
INSERT INTO public.trabajador (dni, nombre, telefono, movil, turno, nombre_tienda, nota_media) VALUES ('16340529O', 'Phyllis Tran', '123456789', '1', true, 'Hipercor', 1);
INSERT INTO public.trabajador (dni, nombre, telefono, movil, turno, nombre_tienda, nota_media) VALUES ('16600118U', 'Maisie Miranda', '123456789', '5', true, 'Hipercor', 1);
INSERT INTO public.trabajador (dni, nombre, telefono, movil, turno, nombre_tienda, nota_media) VALUES ('16860206P', 'Kieran Giles', '123456789', '6', false, 'Hipercor', 1);
INSERT INTO public.trabajador (dni, nombre, telefono, movil, turno, nombre_tienda, nota_media) VALUES ('16520320G', 'Jack Mosley', '123456789', '6', true, 'Hipercor', 1);
INSERT INTO public.trabajador (dni, nombre, telefono, movil, turno, nombre_tienda, nota_media) VALUES ('16360416T', 'Charles Hogan', '123456789', '10', true, 'Hipercor', 1);

-- FIN TRABAJADORES.CSV --

-- CAJEROS.CSV --
INSERT INTO cajero (dni_trabajador) VALUES ('16590814Y');
INSERT INTO cajero (dni_trabajador) VALUES ('16051022G');
INSERT INTO cajero (dni_trabajador) VALUES ('16570928H');
INSERT INTO cajero (dni_trabajador) VALUES ('16760706I');
INSERT INTO cajero (dni_trabajador) VALUES ('16580723O');
INSERT INTO cajero (dni_trabajador) VALUES ('16561025P');
INSERT INTO cajero (dni_trabajador) VALUES ('16170309Q');
INSERT INTO cajero (dni_trabajador) VALUES ('16340327D');
INSERT INTO cajero (dni_trabajador) VALUES ('16440202T');
INSERT INTO cajero (dni_trabajador) VALUES ('16611108X');
INSERT INTO cajero (dni_trabajador) VALUES ('16531223G');
INSERT INTO cajero (dni_trabajador) VALUES ('16430228A');
INSERT INTO cajero (dni_trabajador) VALUES ('16970222H');
INSERT INTO cajero (dni_trabajador) VALUES ('16340405G');
INSERT INTO cajero (dni_trabajador) VALUES ('16070410U');
INSERT INTO cajero (dni_trabajador) VALUES ('16721224T');
INSERT INTO cajero (dni_trabajador) VALUES ('16250612R');
INSERT INTO cajero (dni_trabajador) VALUES ('16850722M');
INSERT INTO cajero (dni_trabajador) VALUES ('16361111F');
INSERT INTO cajero (dni_trabajador) VALUES ('16791021D');
INSERT INTO cajero (dni_trabajador) VALUES ('16250430K');
INSERT INTO cajero (dni_trabajador) VALUES ('16001105L');
INSERT INTO cajero (dni_trabajador) VALUES ('16810517E');
INSERT INTO cajero (dni_trabajador) VALUES ('16710610S');
INSERT INTO cajero (dni_trabajador) VALUES ('16830515V');
INSERT INTO cajero (dni_trabajador) VALUES ('16090929D');
INSERT INTO cajero (dni_trabajador) VALUES ('16781125G');
INSERT INTO cajero (dni_trabajador) VALUES ('16630211C');
INSERT INTO cajero (dni_trabajador) VALUES ('16410123H');
INSERT INTO cajero (dni_trabajador) VALUES ('16601002Q');
-- FIN CAJEROS.CSV --


-- REPONEDORES.CSV --
INSERT INTO reponedor (jornada, dni_trabajador) VALUES (28, '16541008D');
INSERT INTO reponedor (jornada, dni_trabajador) VALUES (10, '16080824E');
INSERT INTO reponedor (jornada, dni_trabajador) VALUES (13, '16820329A');
INSERT INTO reponedor (jornada, dni_trabajador) VALUES (37, '16881127A');
INSERT INTO reponedor (jornada, dni_trabajador) VALUES (38, '16300912N');
INSERT INTO reponedor (jornada, dni_trabajador) VALUES (22, '16730413B');
INSERT INTO reponedor (jornada, dni_trabajador) VALUES (16, '16890707B');
INSERT INTO reponedor (jornada, dni_trabajador) VALUES (33, '16530507M');
INSERT INTO reponedor (jornada, dni_trabajador) VALUES (19, '16550503F');
INSERT INTO reponedor (jornada, dni_trabajador) VALUES (38, '16000607P');
INSERT INTO reponedor (jornada, dni_trabajador) VALUES (20, '16560807X');
INSERT INTO reponedor (jornada, dni_trabajador) VALUES (35, '16120518F');
INSERT INTO reponedor (jornada, dni_trabajador) VALUES (40, '16850207C');
INSERT INTO reponedor (jornada, dni_trabajador) VALUES (28, '16550409X');
INSERT INTO reponedor (jornada, dni_trabajador) VALUES (15, '16270524Z');
INSERT INTO reponedor (jornada, dni_trabajador) VALUES (22, '16251012X');
INSERT INTO reponedor (jornada, dni_trabajador) VALUES (20, '16240217R');
INSERT INTO reponedor (jornada, dni_trabajador) VALUES (20, '16920702G');
INSERT INTO reponedor (jornada, dni_trabajador) VALUES (26, '16251107J');
INSERT INTO reponedor (jornada, dni_trabajador) VALUES (24, '16371025L');
INSERT INTO reponedor (jornada, dni_trabajador) VALUES (30, '16540718M');
INSERT INTO reponedor (jornada, dni_trabajador) VALUES (18, '16551002D');
INSERT INTO reponedor (jornada, dni_trabajador) VALUES (38, '16850127S');
INSERT INTO reponedor (jornada, dni_trabajador) VALUES (20, '16560319F');
INSERT INTO reponedor (jornada, dni_trabajador) VALUES (13, '16530725Y');
INSERT INTO reponedor (jornada, dni_trabajador) VALUES (26, '16841028U');
INSERT INTO reponedor (jornada, dni_trabajador) VALUES (26, '16151204T');
INSERT INTO reponedor (jornada, dni_trabajador) VALUES (25, '16350711X');
INSERT INTO reponedor (jornada, dni_trabajador) VALUES (33, '16210804F');
INSERT INTO reponedor (jornada, dni_trabajador) VALUES (16, '16860920H');
INSERT INTO reponedor (jornada, dni_trabajador) VALUES (37, '16250204B');
INSERT INTO reponedor (jornada, dni_trabajador) VALUES (36, '16200516G');
INSERT INTO reponedor (jornada, dni_trabajador) VALUES (33, '16650822R');
INSERT INTO reponedor (jornada, dni_trabajador) VALUES (10, '16591010H');
INSERT INTO reponedor (jornada, dni_trabajador) VALUES (36, '16660309W');
INSERT INTO reponedor (jornada, dni_trabajador) VALUES (19, '16031003S');
INSERT INTO reponedor (jornada, dni_trabajador) VALUES (16, '16831126P');
INSERT INTO reponedor (jornada, dni_trabajador) VALUES (25, '16830912L');
INSERT INTO reponedor (jornada, dni_trabajador) VALUES (37, '16820114U');
INSERT INTO reponedor (jornada, dni_trabajador) VALUES (18, '16311119J');
INSERT INTO reponedor (jornada, dni_trabajador) VALUES (14, '16030129T');
INSERT INTO reponedor (jornada, dni_trabajador) VALUES (15, '16780219G');
INSERT INTO reponedor (jornada, dni_trabajador) VALUES (10, '16630516G');
INSERT INTO reponedor (jornada, dni_trabajador) VALUES (40, '16130813K');
INSERT INTO reponedor (jornada, dni_trabajador) VALUES (15, '16850607P');
INSERT INTO reponedor (jornada, dni_trabajador) VALUES (33, '16020508I');
INSERT INTO reponedor (jornada, dni_trabajador) VALUES (36, '16810406V');
INSERT INTO reponedor (jornada, dni_trabajador) VALUES (34, '16130406F');
INSERT INTO reponedor (jornada, dni_trabajador) VALUES (39, '16261029X');
INSERT INTO reponedor (jornada, dni_trabajador) VALUES (13, '16880502F');
INSERT INTO reponedor (jornada, dni_trabajador) VALUES (12, '16151029T');
INSERT INTO reponedor (jornada, dni_trabajador) VALUES (19, '16890617H');
INSERT INTO reponedor (jornada, dni_trabajador) VALUES (13, '16650403A');
INSERT INTO reponedor (jornada, dni_trabajador) VALUES (30, '16370815D');
INSERT INTO reponedor (jornada, dni_trabajador) VALUES (27, '16860728J');
INSERT INTO reponedor (jornada, dni_trabajador) VALUES (23, '16291119R');
INSERT INTO reponedor (jornada, dni_trabajador) VALUES (28, '16751109E');
INSERT INTO reponedor (jornada, dni_trabajador) VALUES (27, '16400801J');
INSERT INTO reponedor (jornada, dni_trabajador) VALUES (39, '16090217M');
INSERT INTO reponedor (jornada, dni_trabajador) VALUES (30, '16480503H');
INSERT INTO reponedor (jornada, dni_trabajador) VALUES (37, '16650621F');
INSERT INTO reponedor (jornada, dni_trabajador) VALUES (17, '16551107K');
INSERT INTO reponedor (jornada, dni_trabajador) VALUES (22, '16210226F');
INSERT INTO reponedor (jornada, dni_trabajador) VALUES (34, '16020107Y');
INSERT INTO reponedor (jornada, dni_trabajador) VALUES (37, '16511107B');
INSERT INTO reponedor (jornada, dni_trabajador) VALUES (21, '16340529O');
INSERT INTO reponedor (jornada, dni_trabajador) VALUES (37, '16600118U');
INSERT INTO reponedor (jornada, dni_trabajador) VALUES (20, '16860206P');
INSERT INTO reponedor (jornada, dni_trabajador) VALUES (37, '16520320G');
INSERT INTO reponedor (jornada, dni_trabajador) VALUES (20, '16360416T');
-- FIN REPONEDORES.CSV --

-- TRABAJADOR_PUNTUA.CSV --
INSERT INTO trabajador_puntua_trabajador (dni_trabajador, dni_trabajador1, puntuacion) VALUES ('16590814Y', '16000607P', 6);
INSERT INTO trabajador_puntua_trabajador (dni_trabajador, dni_trabajador1, puntuacion) VALUES ('16051022G', '16560807X', 7);
INSERT INTO trabajador_puntua_trabajador (dni_trabajador, dni_trabajador1, puntuacion) VALUES ('16570928H', '16120518F', 8);
INSERT INTO trabajador_puntua_trabajador (dni_trabajador, dni_trabajador1, puntuacion) VALUES ('16760706I', '16850207C', 9);
INSERT INTO trabajador_puntua_trabajador (dni_trabajador, dni_trabajador1, puntuacion) VALUES ('16580723O', '16550409X', 1);
INSERT INTO trabajador_puntua_trabajador (dni_trabajador, dni_trabajador1, puntuacion) VALUES ('16561025P', '16270524Z', 1);
INSERT INTO trabajador_puntua_trabajador (dni_trabajador, dni_trabajador1, puntuacion) VALUES ('16170309Q', '16251012X', 9);
INSERT INTO trabajador_puntua_trabajador (dni_trabajador, dni_trabajador1, puntuacion) VALUES ('16340327D', '16240217R', 5);
INSERT INTO trabajador_puntua_trabajador (dni_trabajador, dni_trabajador1, puntuacion) VALUES ('16440202T', '16920702G', 3);
INSERT INTO trabajador_puntua_trabajador (dni_trabajador, dni_trabajador1, puntuacion) VALUES ('16611108X', '16251107J', 1);
INSERT INTO trabajador_puntua_trabajador (dni_trabajador, dni_trabajador1, puntuacion) VALUES ('16531223G', '16000607P', 7);
INSERT INTO trabajador_puntua_trabajador (dni_trabajador, dni_trabajador1, puntuacion) VALUES ('16430228A', '16560807X', 6);
INSERT INTO trabajador_puntua_trabajador (dni_trabajador, dni_trabajador1, puntuacion) VALUES ('16970222H', '16120518F', 4);
INSERT INTO trabajador_puntua_trabajador (dni_trabajador, dni_trabajador1, puntuacion) VALUES ('16340405G', '16850207C', 8);
INSERT INTO trabajador_puntua_trabajador (dni_trabajador, dni_trabajador1, puntuacion) VALUES ('16070410U', '16550409X', 9);
INSERT INTO trabajador_puntua_trabajador (dni_trabajador, dni_trabajador1, puntuacion) VALUES ('16721224T', '16270524Z', 10);
INSERT INTO trabajador_puntua_trabajador (dni_trabajador, dni_trabajador1, puntuacion) VALUES ('16250612R', '16251012X', 1);
INSERT INTO trabajador_puntua_trabajador (dni_trabajador, dni_trabajador1, puntuacion) VALUES ('16850722M', '16240217R', 3);
INSERT INTO trabajador_puntua_trabajador (dni_trabajador, dni_trabajador1, puntuacion) VALUES ('16361111F', '16920702G', 5);
INSERT INTO trabajador_puntua_trabajador (dni_trabajador, dni_trabajador1, puntuacion) VALUES ('16791021D', '16251107J', 7);
INSERT INTO trabajador_puntua_trabajador (dni_trabajador, dni_trabajador1, puntuacion) VALUES ('16250430K', '16000607P', 8);
INSERT INTO trabajador_puntua_trabajador (dni_trabajador, dni_trabajador1, puntuacion) VALUES ('16001105L', '16560807X', 4);
INSERT INTO trabajador_puntua_trabajador (dni_trabajador, dni_trabajador1, puntuacion) VALUES ('16810517E', '16120518F', 8);
INSERT INTO trabajador_puntua_trabajador (dni_trabajador, dni_trabajador1, puntuacion) VALUES ('16710610S', '16850207C', 7);
INSERT INTO trabajador_puntua_trabajador (dni_trabajador, dni_trabajador1, puntuacion) VALUES ('16830515V', '16550409X', 7);
INSERT INTO trabajador_puntua_trabajador (dni_trabajador, dni_trabajador1, puntuacion) VALUES ('16090929D', '16270524Z', 2);
INSERT INTO trabajador_puntua_trabajador (dni_trabajador, dni_trabajador1, puntuacion) VALUES ('16781125G', '16251012X', 1);
INSERT INTO trabajador_puntua_trabajador (dni_trabajador, dni_trabajador1, puntuacion) VALUES ('16630211C', '16240217R', 9);
INSERT INTO trabajador_puntua_trabajador (dni_trabajador, dni_trabajador1, puntuacion) VALUES ('16410123H', '16920702G', 10);
INSERT INTO trabajador_puntua_trabajador (dni_trabajador, dni_trabajador1, puntuacion) VALUES ('16601002Q', '16251107J', 5);
-- FIN TRABAJADOR_PUNTUA.CSV --

-- SOCIOS.CSV --
INSERT INTO socio (numero, nombre, dni, telefono, mail, direccion, saldo_acumulado) VALUES (1, 'Echo Mcclain', '16680718X', '680889833', 'rutrum.justo.Praesent@euultricessit.com', 'P.O. Box 358, 420 Iaculis Ave', 86.269999999999996);
INSERT INTO socio (numero, nombre, dni, telefono, mail, direccion, saldo_acumulado) VALUES (2, 'Hayley Delaney', '16590812V', '680889834', 'rhoncus.Donec.est@duiFuscediam.org', 'Ap #829-173 Tristique St.', 28.8999999999999986);
INSERT INTO socio (numero, nombre, dni, telefono, mail, direccion, saldo_acumulado) VALUES (3, 'Wanda Meyer', '16070208B', '680889835', 'ante.bibendum@tacitisociosqu.ca', 'P.O. Box 444, 1572 Sem. Ave', 48.4099999999999966);
INSERT INTO socio (numero, nombre, dni, telefono, mail, direccion, saldo_acumulado) VALUES (4, 'Galena Dunn', '16290812Q', '680889836', 'pede.ac.urna@loremtristique.org', '282-205 Mollis. St.', 9.52999999999999936);
INSERT INTO socio (numero, nombre, dni, telefono, mail, direccion, saldo_acumulado) VALUES (5, 'Todd Barrera', '16220810K', '680889837', 'viverra.Donec@Suspendisse.com', '831-858 Aliquam Ave', 79.8499999999999943);
INSERT INTO socio (numero, nombre, dni, telefono, mail, direccion, saldo_acumulado) VALUES (6, 'Eleanor Payne', '16460918L', '680889838', 'Ut@Donecnibh.org', 'Ap #382-5442 Egestas. Rd.', 23.7600000000000016);
INSERT INTO socio (numero, nombre, dni, telefono, mail, direccion, saldo_acumulado) VALUES (7, 'Ingrid Madden', '16541028O', '680889839', 'tristique.senectus.et@necmauris.edu', '593-3854 Turpis Av.', 18.0500000000000007);
INSERT INTO socio (numero, nombre, dni, telefono, mail, direccion, saldo_acumulado) VALUES (8, 'Tyler Woods', '16681221W', '680889840', 'mi.ac@maurisrhoncus.edu', '677-8776 Enim. St.', 1.98999999999999999);
INSERT INTO socio (numero, nombre, dni, telefono, mail, direccion, saldo_acumulado) VALUES (9, 'Dorian Lawrence', '16880710S', '680889841', 'mi.eleifend@Vivamussit.com', '838-1352 Condimentum. Av.', 93.7000000000000028);
INSERT INTO socio (numero, nombre, dni, telefono, mail, direccion, saldo_acumulado) VALUES (10, 'Blaine Patrick', '16940922B', '680889842', 'pede.ac.urna@malesuadafamesac.ca', '377-2518 Nec St.', 68.9500000000000028);
INSERT INTO socio (numero, nombre, dni, telefono, mail, direccion, saldo_acumulado) VALUES (11, 'Brianna Anthony', '16210807A', '680889843', 'turpis.Aliquam@Duis.net', '4900 Aenean Rd.', 36.259999999999998);
INSERT INTO socio (numero, nombre, dni, telefono, mail, direccion, saldo_acumulado) VALUES (12, 'Clare Francis', '16600908C', '680889844', 'mi.Aliquam.gravida@quisarcu.edu', '309-7120 Elit, Ave', 9.41000000000000014);
INSERT INTO socio (numero, nombre, dni, telefono, mail, direccion, saldo_acumulado) VALUES (13, 'Quyn Booker', '16610313Z', '680889845', 'nec@variuset.ca', '5485 Nunc Ave', 8.72000000000000064);
INSERT INTO socio (numero, nombre, dni, telefono, mail, direccion, saldo_acumulado) VALUES (14, 'Gavin Maynard', '16301130T', '680889846', 'tincidunt.nibh.Phasellus@Integervitae.co.uk', '365-9654 Fermentum Av.', 87.1299999999999955);
INSERT INTO socio (numero, nombre, dni, telefono, mail, direccion, saldo_acumulado) VALUES (15, 'Vivien Gibbs', '16210417M', '680889847', 'vitae.nibh.Donec@consequat.net', 'Ap #131-4454 Accumsan Ave', 26.7899999999999991);
INSERT INTO socio (numero, nombre, dni, telefono, mail, direccion, saldo_acumulado) VALUES (16, 'Dustin Lester', '16310706L', '680889848', 'arcu.Curabitur@in.co.uk', '727-8726 Fermentum St.', 45.9500000000000028);
INSERT INTO socio (numero, nombre, dni, telefono, mail, direccion, saldo_acumulado) VALUES (17, 'Amal Mclaughlin', '16080914S', '680889849', 'dolor@necanteblandit.com', '882-1522 Tortor. Rd.', 50.9200000000000017);
INSERT INTO socio (numero, nombre, dni, telefono, mail, direccion, saldo_acumulado) VALUES (18, 'Dante Zimmerman', '16530325Q', '680889850', 'nunc.In@maurisInteger.org', 'P.O. Box 729, 6497 Sit Avenue', 19.5899999999999999);
INSERT INTO socio (numero, nombre, dni, telefono, mail, direccion, saldo_acumulado) VALUES (19, 'Cassidy Stevenson', '16270524Z', '680889851', 'tempor.erat@euodio.net', '7150 Pellentesque Av.', 60.25);
INSERT INTO socio (numero, nombre, dni, telefono, mail, direccion, saldo_acumulado) VALUES (20, 'Farrah Horton', '16271118T', '680889852', 'tellus.non.magna@dictumProin.ca', 'P.O. Box 631, 6784 Vel, St.', 68.4899999999999949);
INSERT INTO socio (numero, nombre, dni, telefono, mail, direccion, saldo_acumulado) VALUES (21, 'Karina Riley', '16911225I', '680889853', 'Quisque.purus.sapien@placerategetvenenatis.net', 'Ap #898-4367 Facilisis Avenue', 56.4500000000000028);
INSERT INTO socio (numero, nombre, dni, telefono, mail, direccion, saldo_acumulado) VALUES (22, 'Emmanuel Bruce', '16090103Q', '680889854', 'suscipit.nonummy.Fusce@sed.net', '972-7900 Ac, Road', 15.0199999999999996);
INSERT INTO socio (numero, nombre, dni, telefono, mail, direccion, saldo_acumulado) VALUES (23, 'Alexandra Carroll', '16251205Z', '680889855', 'nisi.Mauris@utnullaCras.com', 'Ap #944-4645 Elit, Rd.', 60.25);
INSERT INTO socio (numero, nombre, dni, telefono, mail, direccion, saldo_acumulado) VALUES (24, 'Rudyard Simon', '16170528M', '680889856', 'aliquet.Phasellus.fermentum@vestibulum.ca', '623-6781 Amet Road', 78.7999999999999972);
INSERT INTO socio (numero, nombre, dni, telefono, mail, direccion, saldo_acumulado) VALUES (25, 'Paloma Head', '16580518L', '680889857', 'mattis.semper@atsem.com', '3793 Pede. Street', 38.1899999999999977);
INSERT INTO socio (numero, nombre, dni, telefono, mail, direccion, saldo_acumulado) VALUES (26, 'Hayes Rice', '16231123W', '680889858', 'hendrerit.neque.In@sitamet.edu', 'Ap #871-3166 Lacus. Street', 85.5699999999999932);
INSERT INTO socio (numero, nombre, dni, telefono, mail, direccion, saldo_acumulado) VALUES (27, 'Cole Houston', '16960521W', '680889859', 'ac.ipsum@luctuset.com', '5735 Aenean Avenue', 14.4499999999999993);
INSERT INTO socio (numero, nombre, dni, telefono, mail, direccion, saldo_acumulado) VALUES (28, 'Drew Rowland', '16980604K', '680889860', 'sagittis.lobortis@tellusNunc.net', '4653 In Ave', 72.6899999999999977);
INSERT INTO socio (numero, nombre, dni, telefono, mail, direccion, saldo_acumulado) VALUES (29, 'Russell Kemp', '16470729U', '680889861', 'arcu.ac.orci@consectetuermauris.edu', '836-7823 Dui, St.', 53.740000000000002);
INSERT INTO socio (numero, nombre, dni, telefono, mail, direccion, saldo_acumulado) VALUES (30, 'Barrett Lloyd', '16830812A', '680889862', 'placerat.Cras.dictum@iaculisenimsit.ca', 'Ap #879-499 A, Rd.', 55.2700000000000031);
INSERT INTO socio (numero, nombre, dni, telefono, mail, direccion, saldo_acumulado) VALUES (31, 'Palmer Blankenship', '16870408R', '680889863', 'in@sociosquadlitora.ca', 'P.O. Box 488, 2874 Viverra. Street', 96.9300000000000068);
INSERT INTO socio (numero, nombre, dni, telefono, mail, direccion, saldo_acumulado) VALUES (32, 'Taylor Ewing', '16300110X', '680889864', 'egestas@cursusvestibulumMauris.co.uk', '8918 Neque. Rd.', 22.0799999999999983);
INSERT INTO socio (numero, nombre, dni, telefono, mail, direccion, saldo_acumulado) VALUES (33, 'Mary Stephenson', '16960418E', '680889865', 'metus@risusNullaeget.co.uk', '592-1078 Et Ave', 95.9699999999999989);
INSERT INTO socio (numero, nombre, dni, telefono, mail, direccion, saldo_acumulado) VALUES (34, 'Morgan Bonner', '16241006Z', '680889866', 'Sed.congue.elit@Class.co.uk', 'Ap #932-5529 Sed Rd.', 11.5299999999999994);
INSERT INTO socio (numero, nombre, dni, telefono, mail, direccion, saldo_acumulado) VALUES (35, 'Dillon Thornton', '16820908C', '680889867', 'aliquam.adipiscing.lacus@eu.org', '6344 Donec Avenue', 68.4300000000000068);
INSERT INTO socio (numero, nombre, dni, telefono, mail, direccion, saldo_acumulado) VALUES (36, 'Madison Landry', '16270811B', '680889868', 'malesuada@tortor.org', 'P.O. Box 136, 6080 Eget Avenue', 83.2900000000000063);
INSERT INTO socio (numero, nombre, dni, telefono, mail, direccion, saldo_acumulado) VALUES (37, 'Irene Mckee', '16241019Y', '680889869', 'vitae.velit.egestas@dui.org', '5415 Feugiat. Ave', 14.5500000000000007);
INSERT INTO socio (numero, nombre, dni, telefono, mail, direccion, saldo_acumulado) VALUES (38, 'Lila Ewing', '16990319W', '680889870', 'non@nisidictum.org', '433-5905 Tempor Rd.', 68.8100000000000023);
INSERT INTO socio (numero, nombre, dni, telefono, mail, direccion, saldo_acumulado) VALUES (39, 'Camden Ray', '16590817Q', '680889871', 'enim.gravida.sit@nonmagna.org', '866-8072 Feugiat Street', 38.8999999999999986);
INSERT INTO socio (numero, nombre, dni, telefono, mail, direccion, saldo_acumulado) VALUES (40, 'Erica Finch', '16420724N', '680889872', 'Cras.vehicula.aliquet@sempererat.net', '981-3525 Sapien Av.', 50.6300000000000026);
INSERT INTO socio (numero, nombre, dni, telefono, mail, direccion, saldo_acumulado) VALUES (41, 'Christian Gordon', '16060212W', '680889873', 'consectetuer.ipsum.nunc@odioEtiam.com', 'P.O. Box 958, 6534 Eros. Ave', 3.12999999999999989);
INSERT INTO socio (numero, nombre, dni, telefono, mail, direccion, saldo_acumulado) VALUES (42, 'Caldwell Pearson', '16880403Z', '680889874', 'pede.ac.urna@nuncullamcorper.com', 'Ap #355-8929 Quisque St.', 9.24000000000000021);
INSERT INTO socio (numero, nombre, dni, telefono, mail, direccion, saldo_acumulado) VALUES (43, 'Colton Scott', '16321008Y', '680889875', 'sem@a.edu', '730-5659 Lorem, Street', 71.9599999999999937);
INSERT INTO socio (numero, nombre, dni, telefono, mail, direccion, saldo_acumulado) VALUES (44, 'Chase Sandoval', '16940213W', '680889876', 'dui.nec.urna@Aliquam.net', 'P.O. Box 754, 4656 Ornare, Road', 0.67000000000000004);
INSERT INTO socio (numero, nombre, dni, telefono, mail, direccion, saldo_acumulado) VALUES (45, 'Madeson Perez', '16540823Q', '680889877', 'sed@etmagnis.ca', '2473 Tincidunt St.', 51.0200000000000031);
INSERT INTO socio (numero, nombre, dni, telefono, mail, direccion, saldo_acumulado) VALUES (46, 'Carolyn Hinton', '16270521C', '680889878', 'dapibus@Sedneque.ca', 'P.O. Box 453, 9846 Pharetra. Rd.', 39.9699999999999989);
INSERT INTO socio (numero, nombre, dni, telefono, mail, direccion, saldo_acumulado) VALUES (47, 'Daryl Nixon', '16491217Z', '680889879', 'Nam@tellusimperdietnon.co.uk', '1870 Non, Rd.', 89.25);
INSERT INTO socio (numero, nombre, dni, telefono, mail, direccion, saldo_acumulado) VALUES (48, 'Elijah Hayes', '16770512J', '680889880', 'Sed.eu.nibh@Fusce.com', 'P.O. Box 870, 8420 Maecenas Rd.', 66.5);
INSERT INTO socio (numero, nombre, dni, telefono, mail, direccion, saldo_acumulado) VALUES (49, 'Nathaniel Moreno', '16100307G', '680889881', 'nisl.arcu@at.com', '188-3961 Enim, St.', 73.2999999999999972);
INSERT INTO socio (numero, nombre, dni, telefono, mail, direccion, saldo_acumulado) VALUES (50, 'Bernard Lowe', '16700624D', '680889882', 'felis.eget@Maecenasmifelis.net', 'P.O. Box 155, 5847 A Ave', 28.0899999999999999);
INSERT INTO socio (numero, nombre, dni, telefono, mail, direccion, saldo_acumulado) VALUES (51, 'Valentine Chan', '16490521S', '680889883', 'urna.et.arcu@Classaptenttaciti.co.uk', '206-3509 Lorem Rd.', 68.6099999999999994);
INSERT INTO socio (numero, nombre, dni, telefono, mail, direccion, saldo_acumulado) VALUES (52, 'Katelyn Barker', '16350515L', '680889884', 'sollicitudin.orci.sem@eusemPellentesque.ca', 'P.O. Box 592, 1875 Vivamus Rd.', 34.740000000000002);
INSERT INTO socio (numero, nombre, dni, telefono, mail, direccion, saldo_acumulado) VALUES (53, 'Xavier Levine', '16651001O', '680889885', 'aliquet@erat.com', '704 Diam Rd.', 91.2199999999999989);
INSERT INTO socio (numero, nombre, dni, telefono, mail, direccion, saldo_acumulado) VALUES (54, 'Phillip Lewis', '16950624R', '680889886', 'vitae@Phasellus.com', '751-9339 Vestibulum, Rd.', 40.2999999999999972);
INSERT INTO socio (numero, nombre, dni, telefono, mail, direccion, saldo_acumulado) VALUES (55, 'Teegan Palmer', '16641229C', '680889887', 'aliquet.lobortis.nisi@semper.ca', '3317 Ipsum St.', 26.9299999999999997);
INSERT INTO socio (numero, nombre, dni, telefono, mail, direccion, saldo_acumulado) VALUES (56, 'Desiree Stone', '16601211S', '680889888', 'taciti.sociosqu.ad@hendreritDonecporttitor.edu', '5004 Enim St.', 92.0400000000000063);
INSERT INTO socio (numero, nombre, dni, telefono, mail, direccion, saldo_acumulado) VALUES (57, 'Brenda Tate', '16940130C', '680889889', 'Duis.at@neque.net', 'P.O. Box 244, 2217 Curabitur St.', 54.0799999999999983);
INSERT INTO socio (numero, nombre, dni, telefono, mail, direccion, saldo_acumulado) VALUES (58, 'Keefe Sargent', '16980727M', '680889890', 'pellentesque@semmollisdui.co.uk', 'Ap #448-2160 Sit Avenue', 27.1400000000000006);
INSERT INTO socio (numero, nombre, dni, telefono, mail, direccion, saldo_acumulado) VALUES (59, 'Grace Hall', '16910420B', '680889891', 'elit.a.feugiat@posuereatvelit.org', 'P.O. Box 659, 6326 Sit Rd.', 86.9500000000000028);
INSERT INTO socio (numero, nombre, dni, telefono, mail, direccion, saldo_acumulado) VALUES (60, 'Hiram Odom', '16730615X', '680889892', 'magnis.dis.parturient@magnaPhasellusdolor.com', 'Ap #859-6820 Mollis Rd.', 6.70000000000000018);
INSERT INTO socio (numero, nombre, dni, telefono, mail, direccion, saldo_acumulado) VALUES (61, 'Petra Gonzalez', '16770812R', '680889893', 'eu.metus@libero.com', 'P.O. Box 381, 6907 In St.', 87.3799999999999955);
INSERT INTO socio (numero, nombre, dni, telefono, mail, direccion, saldo_acumulado) VALUES (62, 'Olympia Dillon', '16630709E', '680889894', 'Nunc@acsem.com', '3135 Non Ave', 42.4399999999999977);
INSERT INTO socio (numero, nombre, dni, telefono, mail, direccion, saldo_acumulado) VALUES (63, 'Mari Tucker', '16871127D', '680889895', 'Nullam.vitae.diam@turpisAliquamadipiscing.org', 'P.O. Box 775, 8851 Et, Avenue', 83.8299999999999983);
INSERT INTO socio (numero, nombre, dni, telefono, mail, direccion, saldo_acumulado) VALUES (64, 'Rosalyn Marquez', '16451208A', '680889896', 'erat.vitae.risus@elitsed.edu', 'P.O. Box 399, 4560 Commodo St.', 41.2000000000000028);
INSERT INTO socio (numero, nombre, dni, telefono, mail, direccion, saldo_acumulado) VALUES (65, 'Yvonne Burks', '16100407C', '680889897', 'sit@tincidunt.com', 'P.O. Box 561, 7874 Justo Street', 76.4599999999999937);
INSERT INTO socio (numero, nombre, dni, telefono, mail, direccion, saldo_acumulado) VALUES (66, 'Paula Sloan', '16620311Z', '680889898', 'enim@enim.net', 'Ap #645-2017 Diam Ave', 14.5199999999999996);
INSERT INTO socio (numero, nombre, dni, telefono, mail, direccion, saldo_acumulado) VALUES (67, 'Demetrius Travis', '16040829Q', '680889899', 'Proin@luctusfelis.net', 'Ap #929-4870 Semper. St.', 64.0699999999999932);
INSERT INTO socio (numero, nombre, dni, telefono, mail, direccion, saldo_acumulado) VALUES (68, 'Rhoda Taylor', '16150724L', '680889900', 'vitae@facilisis.co.uk', 'Ap #762-8729 Diam Ave', 71.0300000000000011);
INSERT INTO socio (numero, nombre, dni, telefono, mail, direccion, saldo_acumulado) VALUES (69, 'Phelan Barrera', '16060615S', '680889901', 'adipiscing.ligula.Aenean@ipsumdolor.com', '7882 Tellus Road', 57.7700000000000031);
INSERT INTO socio (numero, nombre, dni, telefono, mail, direccion, saldo_acumulado) VALUES (70, 'Warren Cline', '16470922K', '680889902', 'augue@Donectemporest.edu', 'Ap #943-4123 Sodales. Rd.', 59.1099999999999994);
INSERT INTO socio (numero, nombre, dni, telefono, mail, direccion, saldo_acumulado) VALUES (71, 'Lester Forbes', '16850520M', '680889903', 'dui@Sedet.net', 'Ap #914-3919 Odio Street', 65.2900000000000063);
INSERT INTO socio (numero, nombre, dni, telefono, mail, direccion, saldo_acumulado) VALUES (72, 'Chastity Giles', '16370111O', '680889904', 'eros.Proin.ultrices@ultriciesadipiscingenim.com', '174-901 Venenatis Road', 23.1400000000000006);
INSERT INTO socio (numero, nombre, dni, telefono, mail, direccion, saldo_acumulado) VALUES (73, 'Adrienne Mooney', '16120813V', '680889905', 'ultricies@eget.net', 'P.O. Box 478, 1430 Luctus St.', 78.2399999999999949);
INSERT INTO socio (numero, nombre, dni, telefono, mail, direccion, saldo_acumulado) VALUES (74, 'Sopoline Rush', '16050706N', '680889906', 'a.purus@Maurisnondui.edu', '4824 Gravida. Street', 28.6999999999999993);
INSERT INTO socio (numero, nombre, dni, telefono, mail, direccion, saldo_acumulado) VALUES (75, 'Kennedy Moran', '16560423M', '680889907', 'imperdiet@Morbimetus.edu', 'Ap #768-5030 Tortor Rd.', 2.04999999999999982);
INSERT INTO socio (numero, nombre, dni, telefono, mail, direccion, saldo_acumulado) VALUES (76, 'Scarlet Morris', '16490719H', '680889908', 'metus@dolorquamelementum.ca', '871-5980 Nunc Avenue', 95.9500000000000028);
INSERT INTO socio (numero, nombre, dni, telefono, mail, direccion, saldo_acumulado) VALUES (77, 'Kimberley Blackburn', '16860722C', '680889909', 'gravida.nunc@ultricesDuisvolutpat.org', 'Ap #199-7985 Varius Road', 75.9699999999999989);
INSERT INTO socio (numero, nombre, dni, telefono, mail, direccion, saldo_acumulado) VALUES (78, 'Matthew Miles', '16420106T', '680889910', 'sem.magna@nuncrisusvarius.ca', '866-1527 Vel, Rd.', 88.3199999999999932);
INSERT INTO socio (numero, nombre, dni, telefono, mail, direccion, saldo_acumulado) VALUES (79, 'Carol Short', '16050609l', '680889911', 'sed@iaculisquispede.ca', 'P.O. Box 169, 3750 Convallis St.', 51.1199999999999974);
INSERT INTO socio (numero, nombre, dni, telefono, mail, direccion, saldo_acumulado) VALUES (80, 'Chandler Barton', '16160911X', '680889912', 'urna.Ut@Cras.com', '6579 Congue, Rd.', 23.370000000000001);
INSERT INTO socio (numero, nombre, dni, telefono, mail, direccion, saldo_acumulado) VALUES (81, 'Juliet Hodge', '16380104Z', '680889913', 'vehicula.aliquet.libero@adipiscing.org', '474-292 Placerat St.', 25.7399999999999984);
INSERT INTO socio (numero, nombre, dni, telefono, mail, direccion, saldo_acumulado) VALUES (82, 'Brian Buckley', '16021128L', '680889914', 'lorem@vulputaterisus.org', '643-3548 Tellus Road', 70.519999999999996);
INSERT INTO socio (numero, nombre, dni, telefono, mail, direccion, saldo_acumulado) VALUES (83, 'Morgan Solis', '16241010M', '680889915', 'vitae.posuere.at@urna.co.uk', 'Ap #956-8775 Non, Av.', 86.5699999999999932);
INSERT INTO socio (numero, nombre, dni, telefono, mail, direccion, saldo_acumulado) VALUES (84, 'Ross Newman', '16441109S', '680889916', 'ornare.lectus.justo@vehiculaPellentesquetincidunt.org', '599-9263 Porta Street', 45.1899999999999977);
INSERT INTO socio (numero, nombre, dni, telefono, mail, direccion, saldo_acumulado) VALUES (85, 'Elvis Ramirez', '16590701A', '680889917', 'vulputate.nisi.sem@felis.ca', '267-931 Auctor, Ave', 49.0300000000000011);
INSERT INTO socio (numero, nombre, dni, telefono, mail, direccion, saldo_acumulado) VALUES (86, 'Alec Berry', '16021009L', '680889918', 'ultrices.posuere.cubilia@bibendumfermentum.net', '378-9395 Quisque Street', 65.8100000000000023);
INSERT INTO socio (numero, nombre, dni, telefono, mail, direccion, saldo_acumulado) VALUES (87, 'Stephen Dotson', '16720611C', '680889919', 'tellus@orciPhasellusdapibus.net', '6571 Aliquet Street', 64.2000000000000028);
INSERT INTO socio (numero, nombre, dni, telefono, mail, direccion, saldo_acumulado) VALUES (88, 'Shea Wiley', '16971005L', '680889920', 'Nam.nulla.magna@necdiam.com', '6260 Ac Avenue', 96.1599999999999966);
INSERT INTO socio (numero, nombre, dni, telefono, mail, direccion, saldo_acumulado) VALUES (89, 'Zachery Bauer', '16170902Z', '680889921', 'Cras@ornaretortor.org', 'Ap #114-3314 Suscipit, Road', 42.5);
INSERT INTO socio (numero, nombre, dni, telefono, mail, direccion, saldo_acumulado) VALUES (90, 'Kiona Kinney', '16120828T', '680889922', 'dictum@lobortisrisus.org', 'Ap #646-309 Mauris Rd.', 61.9500000000000028);
INSERT INTO socio (numero, nombre, dni, telefono, mail, direccion, saldo_acumulado) VALUES (91, 'Sylvia Ball', '16070609W', '680889923', 'In@justoPraesentluctus.co.uk', '5663 Varius. Street', 8.94999999999999929);
INSERT INTO socio (numero, nombre, dni, telefono, mail, direccion, saldo_acumulado) VALUES (92, 'Jason Durham', '16190604J', '680889924', 'ac@sedliberoProin.edu', '759-6677 Magnis Ave', 89.9500000000000028);
INSERT INTO socio (numero, nombre, dni, telefono, mail, direccion, saldo_acumulado) VALUES (93, 'Buffy Coffey', '16410129L', '680889925', 'amet.nulla.Donec@Duisa.org', '495-6069 Vulputate, St.', 22.4499999999999993);
INSERT INTO socio (numero, nombre, dni, telefono, mail, direccion, saldo_acumulado) VALUES (94, 'Colorado Huber', '16780709E', '680889926', 'libero.est@liberoestcongue.ca', '9984 Eu, Rd.', 88.980000000000004);
INSERT INTO socio (numero, nombre, dni, telefono, mail, direccion, saldo_acumulado) VALUES (95, 'Gavin Fischer', '16470211Q', '680889927', 'risus@ipsumnonarcu.ca', 'Ap #231-4987 Orci Street', 42.4099999999999966);
INSERT INTO socio (numero, nombre, dni, telefono, mail, direccion, saldo_acumulado) VALUES (96, 'Francis Glenn', '16790424P', '680889928', 'odio.Etiam@SuspendisseduiFusce.ca', '495-2400 Pharetra. St.', 97.230000000000004);
INSERT INTO socio (numero, nombre, dni, telefono, mail, direccion, saldo_acumulado) VALUES (97, 'Jordan Moran', '16950621P', '680889929', 'mauris.ut@Duis.com', 'Ap #840-1253 Eleifend St.', 73.5400000000000063);
INSERT INTO socio (numero, nombre, dni, telefono, mail, direccion, saldo_acumulado) VALUES (98, 'Suki Jensen', '16171025D', '680889930', 'ante.bibendum@elit.net', 'Ap #934-5204 Vel Avenue', 27.9400000000000013);
INSERT INTO socio (numero, nombre, dni, telefono, mail, direccion, saldo_acumulado) VALUES (99, 'Ila Hudson', '16571202C', '680889931', 'rutrum@eu.co.uk', '1299 Dapibus Av.', 87.2199999999999989);
INSERT INTO socio (numero, nombre, dni, telefono, mail, direccion, saldo_acumulado) VALUES (100, 'Sara Lamb', '16630703Y', '680889932', 'Nulla.tempor.augue@CuraePhasellus.com', '931-4428 Sem Rd.', 71.1800000000000068);
-- FIN SOCIOS.CSV --

-- OFERTAS.CSV --
INSERT INTO public.oferta (id_oferta, descuento, fecha_inicio, fecha_fin) VALUES (3, 63, '2019-09-09', '2019-09-16');
INSERT INTO public.oferta (id_oferta, descuento, fecha_inicio, fecha_fin) VALUES (5, 64, '2019-06-07', '2019-06-14');
INSERT INTO public.oferta (id_oferta, descuento, fecha_inicio, fecha_fin) VALUES (6, 11, '2019-06-25', '2019-07-02');
INSERT INTO public.oferta (id_oferta, descuento, fecha_inicio, fecha_fin) VALUES (7, 63, '2019-09-06', '2019-09-13');
INSERT INTO public.oferta (id_oferta, descuento, fecha_inicio, fecha_fin) VALUES (8, 46, '2019-09-09', '2019-09-16');
INSERT INTO public.oferta (id_oferta, descuento, fecha_inicio, fecha_fin) VALUES (9, 67, '2019-06-23', '2019-06-30');
INSERT INTO public.oferta (id_oferta, descuento, fecha_inicio, fecha_fin) VALUES (11, 60, '2019-07-17', '2019-07-24');
INSERT INTO public.oferta (id_oferta, descuento, fecha_inicio, fecha_fin) VALUES (12, 4, '2019-09-10', '2019-09-17');
INSERT INTO public.oferta (id_oferta, descuento, fecha_inicio, fecha_fin) VALUES (14, 59, '2019-09-13', '2019-09-20');
INSERT INTO public.oferta (id_oferta, descuento, fecha_inicio, fecha_fin) VALUES (15, 54, '2019-06-20', '2019-06-27');
INSERT INTO public.oferta (id_oferta, descuento, fecha_inicio, fecha_fin) VALUES (17, 54, '2019-07-31', '2019-08-07');
INSERT INTO public.oferta (id_oferta, descuento, fecha_inicio, fecha_fin) VALUES (18, 28, '2019-07-16', '2019-07-23');
INSERT INTO public.oferta (id_oferta, descuento, fecha_inicio, fecha_fin) VALUES (19, 46, '2019-07-05', '2019-07-12');
INSERT INTO public.oferta (id_oferta, descuento, fecha_inicio, fecha_fin) VALUES (20, 62, '2019-07-14', '2019-07-21');
INSERT INTO public.oferta (id_oferta, descuento, fecha_inicio, fecha_fin) VALUES (21, 29, '2019-07-19', '2019-07-26');
INSERT INTO public.oferta (id_oferta, descuento, fecha_inicio, fecha_fin) VALUES (22, 22, '2019-08-01', '2019-08-08');
INSERT INTO public.oferta (id_oferta, descuento, fecha_inicio, fecha_fin) VALUES (24, 47, '2019-07-08', '2019-07-15');
INSERT INTO public.oferta (id_oferta, descuento, fecha_inicio, fecha_fin) VALUES (26, 56, '2019-09-05', '2019-09-12');
INSERT INTO public.oferta (id_oferta, descuento, fecha_inicio, fecha_fin) VALUES (27, 36, '2019-08-15', '2019-08-22');
INSERT INTO public.oferta (id_oferta, descuento, fecha_inicio, fecha_fin) VALUES (28, 12, '2019-08-05', '2019-08-12');
INSERT INTO public.oferta (id_oferta, descuento, fecha_inicio, fecha_fin) VALUES (29, 49, '2019-08-12', '2019-08-19');
INSERT INTO public.oferta (id_oferta, descuento, fecha_inicio, fecha_fin) VALUES (30, 21, '2019-08-06', '2019-08-13');
INSERT INTO public.oferta (id_oferta, descuento, fecha_inicio, fecha_fin) VALUES (32, 70, '2019-08-15', '2019-08-22');
INSERT INTO public.oferta (id_oferta, descuento, fecha_inicio, fecha_fin) VALUES (34, 4, '2019-07-05', '2019-07-12');
INSERT INTO public.oferta (id_oferta, descuento, fecha_inicio, fecha_fin) VALUES (35, 22, '2019-07-14', '2019-07-21');
INSERT INTO public.oferta (id_oferta, descuento, fecha_inicio, fecha_fin) VALUES (37, 40, '2019-06-08', '2019-06-15');
INSERT INTO public.oferta (id_oferta, descuento, fecha_inicio, fecha_fin) VALUES (38, 1, '2019-08-13', '2019-08-20');
INSERT INTO public.oferta (id_oferta, descuento, fecha_inicio, fecha_fin) VALUES (39, 9, '2019-08-28', '2019-09-04');
INSERT INTO public.oferta (id_oferta, descuento, fecha_inicio, fecha_fin) VALUES (40, 12, '2019-08-08', '2019-08-15');
INSERT INTO public.oferta (id_oferta, descuento, fecha_inicio, fecha_fin) VALUES (41, 52, '2019-09-23', '2019-09-30');
INSERT INTO public.oferta (id_oferta, descuento, fecha_inicio, fecha_fin) VALUES (42, 29, '2019-06-14', '2019-06-21');
INSERT INTO public.oferta (id_oferta, descuento, fecha_inicio, fecha_fin) VALUES (44, 24, '2019-09-29', '2019-10-06');
INSERT INTO public.oferta (id_oferta, descuento, fecha_inicio, fecha_fin) VALUES (46, 49, '2019-09-22', '2019-09-29');
INSERT INTO public.oferta (id_oferta, descuento, fecha_inicio, fecha_fin) VALUES (47, 48, '2019-07-02', '2019-07-09');
INSERT INTO public.oferta (id_oferta, descuento, fecha_inicio, fecha_fin) VALUES (48, 7, '2019-08-16', '2019-08-23');
INSERT INTO public.oferta (id_oferta, descuento, fecha_inicio, fecha_fin) VALUES (50, 60, '2019-10-01', '2019-10-08');
INSERT INTO public.oferta (id_oferta, descuento, fecha_inicio, fecha_fin) VALUES (52, 64, '2019-06-14', '2019-06-21');
INSERT INTO public.oferta (id_oferta, descuento, fecha_inicio, fecha_fin) VALUES (53, 60, '2019-07-13', '2019-07-20');
INSERT INTO public.oferta (id_oferta, descuento, fecha_inicio, fecha_fin) VALUES (54, 37, '2019-09-13', '2019-09-20');
INSERT INTO public.oferta (id_oferta, descuento, fecha_inicio, fecha_fin) VALUES (58, 51, '2019-07-25', '2019-08-01');
INSERT INTO public.oferta (id_oferta, descuento, fecha_inicio, fecha_fin) VALUES (59, 66, '2019-07-30', '2019-08-06');
INSERT INTO public.oferta (id_oferta, descuento, fecha_inicio, fecha_fin) VALUES (60, 50, '2019-08-08', '2019-08-15');
INSERT INTO public.oferta (id_oferta, descuento, fecha_inicio, fecha_fin) VALUES (63, 58, '2019-06-27', '2019-07-04');
INSERT INTO public.oferta (id_oferta, descuento, fecha_inicio, fecha_fin) VALUES (65, 25, '2019-06-29', '2019-07-06');
INSERT INTO public.oferta (id_oferta, descuento, fecha_inicio, fecha_fin) VALUES (66, 65, '2019-08-30', '2019-09-06');
INSERT INTO public.oferta (id_oferta, descuento, fecha_inicio, fecha_fin) VALUES (67, 16, '2019-06-16', '2019-06-23');
INSERT INTO public.oferta (id_oferta, descuento, fecha_inicio, fecha_fin) VALUES (68, 16, '2019-06-05', '2019-06-12');
INSERT INTO public.oferta (id_oferta, descuento, fecha_inicio, fecha_fin) VALUES (70, 60, '2019-07-03', '2019-07-10');
INSERT INTO public.oferta (id_oferta, descuento, fecha_inicio, fecha_fin) VALUES (73, 62, '2019-06-25', '2019-07-02');
INSERT INTO public.oferta (id_oferta, descuento, fecha_inicio, fecha_fin) VALUES (74, 26, '2019-07-17', '2019-07-24');
INSERT INTO public.oferta (id_oferta, descuento, fecha_inicio, fecha_fin) VALUES (75, 67, '2019-07-09', '2019-07-16');
INSERT INTO public.oferta (id_oferta, descuento, fecha_inicio, fecha_fin) VALUES (76, 31, '2019-07-28', '2019-08-04');
INSERT INTO public.oferta (id_oferta, descuento, fecha_inicio, fecha_fin) VALUES (78, 38, '2019-06-28', '2019-07-05');
INSERT INTO public.oferta (id_oferta, descuento, fecha_inicio, fecha_fin) VALUES (79, 18, '2019-08-11', '2019-08-18');
INSERT INTO public.oferta (id_oferta, descuento, fecha_inicio, fecha_fin) VALUES (80, 29, '2019-07-03', '2019-07-10');
INSERT INTO public.oferta (id_oferta, descuento, fecha_inicio, fecha_fin) VALUES (82, 68, '2019-06-01', '2019-06-08');
INSERT INTO public.oferta (id_oferta, descuento, fecha_inicio, fecha_fin) VALUES (84, 26, '2019-08-07', '2019-08-14');
INSERT INTO public.oferta (id_oferta, descuento, fecha_inicio, fecha_fin) VALUES (88, 13, '2019-08-13', '2019-08-20');
INSERT INTO public.oferta (id_oferta, descuento, fecha_inicio, fecha_fin) VALUES (89, 58, '2019-09-17', '2019-09-24');
INSERT INTO public.oferta (id_oferta, descuento, fecha_inicio, fecha_fin) VALUES (90, 8, '2019-09-04', '2019-09-11');
INSERT INTO public.oferta (id_oferta, descuento, fecha_inicio, fecha_fin) VALUES (91, 59, '2019-06-22', '2019-06-29');
INSERT INTO public.oferta (id_oferta, descuento, fecha_inicio, fecha_fin) VALUES (92, 60, '2019-08-23', '2019-08-30');
INSERT INTO public.oferta (id_oferta, descuento, fecha_inicio, fecha_fin) VALUES (93, 27, '2019-06-27', '2019-07-04');
INSERT INTO public.oferta (id_oferta, descuento, fecha_inicio, fecha_fin) VALUES (94, 9, '2019-09-30', '2019-10-07');
INSERT INTO public.oferta (id_oferta, descuento, fecha_inicio, fecha_fin) VALUES (95, 5, '2019-07-18', '2019-07-25');
INSERT INTO public.oferta (id_oferta, descuento, fecha_inicio, fecha_fin) VALUES (96, 1, '2019-08-16', '2019-08-23');
INSERT INTO public.oferta (id_oferta, descuento, fecha_inicio, fecha_fin) VALUES (97, 29, '2019-07-25', '2019-08-01');
INSERT INTO public.oferta (id_oferta, descuento, fecha_inicio, fecha_fin) VALUES (98, 14, '2019-07-12', '2019-07-19');
INSERT INTO public.oferta (id_oferta, descuento, fecha_inicio, fecha_fin) VALUES (99, 69, '2019-09-20', '2019-09-27');
INSERT INTO public.oferta (id_oferta, descuento, fecha_inicio, fecha_fin) VALUES (2, 60, '2019-05-01', '2019-05-07');
INSERT INTO public.oferta (id_oferta, descuento, fecha_inicio, fecha_fin) VALUES (4, 19, '2019-05-01', '2019-05-07');
INSERT INTO public.oferta (id_oferta, descuento, fecha_inicio, fecha_fin) VALUES (10, 61, '2019-05-01', '2019-05-07');
INSERT INTO public.oferta (id_oferta, descuento, fecha_inicio, fecha_fin) VALUES (13, 16, '2019-05-01', '2019-05-07');
INSERT INTO public.oferta (id_oferta, descuento, fecha_inicio, fecha_fin) VALUES (16, 16, '2019-05-01', '2019-05-07');
INSERT INTO public.oferta (id_oferta, descuento, fecha_inicio, fecha_fin) VALUES (25, 15, '2019-05-01', '2019-05-07');
INSERT INTO public.oferta (id_oferta, descuento, fecha_inicio, fecha_fin) VALUES (31, 52, '2019-05-01', '2019-05-07');
INSERT INTO public.oferta (id_oferta, descuento, fecha_inicio, fecha_fin) VALUES (33, 43, '2019-05-01', '2019-05-07');
INSERT INTO public.oferta (id_oferta, descuento, fecha_inicio, fecha_fin) VALUES (36, 22, '2019-05-01', '2019-05-07');
INSERT INTO public.oferta (id_oferta, descuento, fecha_inicio, fecha_fin) VALUES (43, 50, '2019-05-01', '2019-05-07');
INSERT INTO public.oferta (id_oferta, descuento, fecha_inicio, fecha_fin) VALUES (51, 5, '2019-05-01', '2019-05-07');
INSERT INTO public.oferta (id_oferta, descuento, fecha_inicio, fecha_fin) VALUES (56, 19, '2019-05-01', '2019-05-07');
INSERT INTO public.oferta (id_oferta, descuento, fecha_inicio, fecha_fin) VALUES (64, 64, '2019-05-01', '2019-05-07');
INSERT INTO public.oferta (id_oferta, descuento, fecha_inicio, fecha_fin) VALUES (77, 47, '2019-05-01', '2019-05-07');
INSERT INTO public.oferta (id_oferta, descuento, fecha_inicio, fecha_fin) VALUES (1, 1, '2019-05-24', '2019-05-31');
INSERT INTO public.oferta (id_oferta, descuento, fecha_inicio, fecha_fin) VALUES (23, 49, '2019-05-24', '2019-05-31');
INSERT INTO public.oferta (id_oferta, descuento, fecha_inicio, fecha_fin) VALUES (45, 47, '2019-05-24', '2019-05-31');
INSERT INTO public.oferta (id_oferta, descuento, fecha_inicio, fecha_fin) VALUES (49, 67, '2019-05-24', '2019-05-31');
INSERT INTO public.oferta (id_oferta, descuento, fecha_inicio, fecha_fin) VALUES (55, 10, '2019-05-24', '2019-05-31');
INSERT INTO public.oferta (id_oferta, descuento, fecha_inicio, fecha_fin) VALUES (57, 69, '2019-05-24', '2019-05-31');
INSERT INTO public.oferta (id_oferta, descuento, fecha_inicio, fecha_fin) VALUES (61, 58, '2019-05-24', '2019-05-31');
INSERT INTO public.oferta (id_oferta, descuento, fecha_inicio, fecha_fin) VALUES (62, 69, '2019-05-24', '2019-05-31');
INSERT INTO public.oferta (id_oferta, descuento, fecha_inicio, fecha_fin) VALUES (69, 16, '2019-05-24', '2019-05-31');
INSERT INTO public.oferta (id_oferta, descuento, fecha_inicio, fecha_fin) VALUES (71, 16, '2019-05-24', '2019-05-31');
INSERT INTO public.oferta (id_oferta, descuento, fecha_inicio, fecha_fin) VALUES (72, 27, '2019-05-24', '2019-05-31');
INSERT INTO public.oferta (id_oferta, descuento, fecha_inicio, fecha_fin) VALUES (81, 44, '2019-05-24', '2019-05-31');
INSERT INTO public.oferta (id_oferta, descuento, fecha_inicio, fecha_fin) VALUES (83, 40, '2019-05-24', '2019-05-31');
INSERT INTO public.oferta (id_oferta, descuento, fecha_inicio, fecha_fin) VALUES (85, 67, '2019-05-24', '2019-05-31');
INSERT INTO public.oferta (id_oferta, descuento, fecha_inicio, fecha_fin) VALUES (86, 32, '2019-05-24', '2019-05-31');
INSERT INTO public.oferta (id_oferta, descuento, fecha_inicio, fecha_fin) VALUES (87, 18, '2019-05-24', '2019-05-31');
INSERT INTO public.oferta (id_oferta, descuento, fecha_inicio, fecha_fin) VALUES (100, 3, '2019-05-24', '2019-05-31');
-- FIN OFERTAS.CSV --


-- OPINION.CSV --
INSERT INTO opinion (id_opinion, texto, puntuacion, fecha, hora, numero_socio, nombre_tienda) VALUES (1, 'Lorem', 10, '2019-10-30', '02:04:47', 1, 'Ahorramas');
INSERT INTO opinion (id_opinion, texto, puntuacion, fecha, hora, numero_socio, nombre_tienda) VALUES (2, 'Lorem', 4, '2019-11-17', '22:47:25', 5, 'Ahorramas');
INSERT INTO opinion (id_opinion, texto, puntuacion, fecha, hora, numero_socio, nombre_tienda) VALUES (3, 'Lorem', 7, '2019-07-19', '19:41:17', 4, 'Ahorramas');
INSERT INTO opinion (id_opinion, texto, puntuacion, fecha, hora, numero_socio, nombre_tienda) VALUES (4, 'Lorem', 8, '2019-07-10', '07:44:00', 2, 'Dia');
INSERT INTO opinion (id_opinion, texto, puntuacion, fecha, hora, numero_socio, nombre_tienda) VALUES (5, 'Lorem', 5, '2019-08-29', '21:36:28', 8, 'Dia');
INSERT INTO opinion (id_opinion, texto, puntuacion, fecha, hora, numero_socio, nombre_tienda) VALUES (6, 'Lorem', 5, '2019-11-25', '04:36:56', 76, 'Dia');
INSERT INTO opinion (id_opinion, texto, puntuacion, fecha, hora, numero_socio, nombre_tienda) VALUES (7, 'Lorem', 8, '2019-09-20', '23:25:23', 23, 'Mercadona');
INSERT INTO opinion (id_opinion, texto, puntuacion, fecha, hora, numero_socio, nombre_tienda) VALUES (8, 'Lorem', 3, '2019-06-17', '08:39:59', 77, 'Mercadona');
INSERT INTO opinion (id_opinion, texto, puntuacion, fecha, hora, numero_socio, nombre_tienda) VALUES (9, 'Lorem', 7, '2019-09-05', '00:17:05', 98, 'Mercadona');
INSERT INTO opinion (id_opinion, texto, puntuacion, fecha, hora, numero_socio, nombre_tienda) VALUES (10, 'Lorem', 9, '2019-08-29', '14:57:37', 90, 'Lidl');
INSERT INTO opinion (id_opinion, texto, puntuacion, fecha, hora, numero_socio, nombre_tienda) VALUES (11, 'Lorem', 8, '2019-10-13', '19:40:31', 12, 'Lidl');
INSERT INTO opinion (id_opinion, texto, puntuacion, fecha, hora, numero_socio, nombre_tienda) VALUES (12, 'Lorem', 9, '2019-11-21', '14:19:43', 45, 'Lidl');
INSERT INTO opinion (id_opinion, texto, puntuacion, fecha, hora, numero_socio, nombre_tienda) VALUES (13, 'Lorem', 2, '2019-11-04', '23:59:57', 87, 'Hipercor');
INSERT INTO opinion (id_opinion, texto, puntuacion, fecha, hora, numero_socio, nombre_tienda) VALUES (14, 'Lorem', 1, '2019-07-13', '14:07:44', 36, 'Hipercor');
INSERT INTO opinion (id_opinion, texto, puntuacion, fecha, hora, numero_socio, nombre_tienda) VALUES (15, 'Lorem', 7, '2019-09-16', '23:17:18', 12, 'Hipercor');
INSERT INTO opinion (id_opinion, texto, puntuacion, fecha, hora, numero_socio, nombre_tienda) VALUES (16, 'Lorem', 7, '2019-06-05', '03:03:36', 67, 'Carrefour');
INSERT INTO opinion (id_opinion, texto, puntuacion, fecha, hora, numero_socio, nombre_tienda) VALUES (17, 'Lorem', 9, '2019-07-03', '22:02:33', 94, 'Carrefour');
INSERT INTO opinion (id_opinion, texto, puntuacion, fecha, hora, numero_socio, nombre_tienda) VALUES (18, 'Lorem', 4, '2019-06-10', '09:22:25', 24, 'Carrefour');
INSERT INTO opinion (id_opinion, texto, puntuacion, fecha, hora, numero_socio, nombre_tienda) VALUES (19, 'Lorem', 9, '2019-10-19', '23:41:34', 56, 'Primaprix');
INSERT INTO opinion (id_opinion, texto, puntuacion, fecha, hora, numero_socio, nombre_tienda) VALUES (20, 'Lorem', 6, '2019-08-05', '02:38:41', 87, 'Primaprix');
INSERT INTO opinion (id_opinion, texto, puntuacion, fecha, hora, numero_socio, nombre_tienda) VALUES (21, 'Lorem', 8, '2019-10-08', '00:35:07', 7, 'Primaprix');
INSERT INTO opinion (id_opinion, texto, puntuacion, fecha, hora, numero_socio, nombre_tienda) VALUES (22, 'Lorem', 7, '2019-07-24', '15:38:36', 79, 'Spar');
INSERT INTO opinion (id_opinion, texto, puntuacion, fecha, hora, numero_socio, nombre_tienda) VALUES (23, 'Lorem', 4, '2019-06-14', '15:15:03', 46, 'Spar');
INSERT INTO opinion (id_opinion, texto, puntuacion, fecha, hora, numero_socio, nombre_tienda) VALUES (24, 'Lorem', 1, '2019-06-28', '21:03:06', 12, 'Spar');
INSERT INTO opinion (id_opinion, texto, puntuacion, fecha, hora, numero_socio, nombre_tienda) VALUES (25, 'Lorem', 1, '2019-06-10', '08:30:14', 73, 'Bonarea');
INSERT INTO opinion (id_opinion, texto, puntuacion, fecha, hora, numero_socio, nombre_tienda) VALUES (26, 'Lorem', 8, '2019-10-21', '19:44:42', 94, 'Bonarea');
INSERT INTO opinion (id_opinion, texto, puntuacion, fecha, hora, numero_socio, nombre_tienda) VALUES (27, 'Lorem', 5, '2019-09-27', '05:38:40', 65, 'Bonarea');
INSERT INTO opinion (id_opinion, texto, puntuacion, fecha, hora, numero_socio, nombre_tienda) VALUES (28, 'Lorem', 9, '2019-08-05', '06:03:14', 82, 'Consum');
INSERT INTO opinion (id_opinion, texto, puntuacion, fecha, hora, numero_socio, nombre_tienda) VALUES (29, 'Lorem', 8, '2019-09-11', '12:39:30', 47, 'Consum');
INSERT INTO opinion (id_opinion, texto, puntuacion, fecha, hora, numero_socio, nombre_tienda) VALUES (30, 'Lorem', 4, '2019-08-28', '05:54:16', 23, 'Consum');
-- FIN OPINION.CSV --

-- PRODUCTO --
INSERT INTO public.producto (codigo, precio_iva, precio, stock) VALUES (1, 3.66999999999999993, 3.0299999999999998, 47);
INSERT INTO public.producto (codigo, precio_iva, precio, stock) VALUES (2, 4.01999999999999957, 3.31999999999999984, 157);
INSERT INTO public.producto (codigo, precio_iva, precio, stock) VALUES (3, 5.29999999999999982, 4.37999999999999989, 43);
INSERT INTO public.producto (codigo, precio_iva, precio, stock) VALUES (4, 2.66000000000000014, 2.20000000000000018, 85);
INSERT INTO public.producto (codigo, precio_iva, precio, stock) VALUES (5, 8.94999999999999929, 7.40000000000000036, 68);
INSERT INTO public.producto (codigo, precio_iva, precio, stock) VALUES (6, 8.74000000000000021, 7.21999999999999975, 12);
INSERT INTO public.producto (codigo, precio_iva, precio, stock) VALUES (7, 2.29000000000000004, 1.8899999999999999, 106);
INSERT INTO public.producto (codigo, precio_iva, precio, stock) VALUES (8, 11.1600000000000001, 9.22000000000000064, 51);
INSERT INTO public.producto (codigo, precio_iva, precio, stock) VALUES (9, 6.86000000000000032, 5.66999999999999993, 115);
INSERT INTO public.producto (codigo, precio_iva, precio, stock) VALUES (10, 3.56999999999999984, 2.95000000000000018, 163);
INSERT INTO public.producto (codigo, precio_iva, precio, stock) VALUES (11, 6.61000000000000032, 5.45999999999999996, 125);
INSERT INTO public.producto (codigo, precio_iva, precio, stock) VALUES (12, 0.869999999999999996, 0.719999999999999973, 112);
INSERT INTO public.producto (codigo, precio_iva, precio, stock) VALUES (13, 8.63000000000000078, 7.12999999999999989, 144);
INSERT INTO public.producto (codigo, precio_iva, precio, stock) VALUES (14, 6.15000000000000036, 5.08000000000000007, 39);
INSERT INTO public.producto (codigo, precio_iva, precio, stock) VALUES (15, 9.5, 7.84999999999999964, 58);
INSERT INTO public.producto (codigo, precio_iva, precio, stock) VALUES (16, 7.91000000000000014, 6.54000000000000004, 61);
INSERT INTO public.producto (codigo, precio_iva, precio, stock) VALUES (17, 7.44000000000000039, 6.15000000000000036, 194);
INSERT INTO public.producto (codigo, precio_iva, precio, stock) VALUES (18, 11.2200000000000006, 9.26999999999999957, 26);
INSERT INTO public.producto (codigo, precio_iva, precio, stock) VALUES (19, 7.59999999999999964, 6.28000000000000025, 12);
INSERT INTO public.producto (codigo, precio_iva, precio, stock) VALUES (20, 5, 4.12999999999999989, 49);
INSERT INTO public.producto (codigo, precio_iva, precio, stock) VALUES (21, 2.97999999999999998, 2.45999999999999996, 125);
INSERT INTO public.producto (codigo, precio_iva, precio, stock) VALUES (22, 5.40000000000000036, 4.45999999999999996, 14);
INSERT INTO public.producto (codigo, precio_iva, precio, stock) VALUES (23, 10.0199999999999996, 8.27999999999999936, 44);
INSERT INTO public.producto (codigo, precio_iva, precio, stock) VALUES (24, 9.60999999999999943, 7.94000000000000039, 151);
INSERT INTO public.producto (codigo, precio_iva, precio, stock) VALUES (25, 10.0299999999999994, 8.28999999999999915, 186);
INSERT INTO public.producto (codigo, precio_iva, precio, stock) VALUES (26, 6.63999999999999968, 5.49000000000000021, 38);
INSERT INTO public.producto (codigo, precio_iva, precio, stock) VALUES (27, 1.90999999999999992, 1.58000000000000007, 16);
INSERT INTO public.producto (codigo, precio_iva, precio, stock) VALUES (28, 10.7899999999999991, 8.91999999999999993, 36);
INSERT INTO public.producto (codigo, precio_iva, precio, stock) VALUES (29, 9.17999999999999972, 7.58999999999999986, 166);
INSERT INTO public.producto (codigo, precio_iva, precio, stock) VALUES (30, 5.45999999999999996, 4.50999999999999979, 115);
INSERT INTO public.producto (codigo, precio_iva, precio, stock) VALUES (31, 2.54999999999999982, 2.10999999999999988, 68);
INSERT INTO public.producto (codigo, precio_iva, precio, stock) VALUES (32, 11.2300000000000004, 9.27999999999999936, 155);
INSERT INTO public.producto (codigo, precio_iva, precio, stock) VALUES (33, 4.08999999999999986, 3.37999999999999989, 48);
INSERT INTO public.producto (codigo, precio_iva, precio, stock) VALUES (34, 8.67999999999999972, 7.16999999999999993, 75);
INSERT INTO public.producto (codigo, precio_iva, precio, stock) VALUES (35, 1.06000000000000005, 0.880000000000000004, 139);
INSERT INTO public.producto (codigo, precio_iva, precio, stock) VALUES (36, 10.6799999999999997, 8.83000000000000007, 121);
INSERT INTO public.producto (codigo, precio_iva, precio, stock) VALUES (37, 4.33999999999999986, 3.58999999999999986, 110);
INSERT INTO public.producto (codigo, precio_iva, precio, stock) VALUES (38, 7.07000000000000028, 5.83999999999999986, 170);
INSERT INTO public.producto (codigo, precio_iva, precio, stock) VALUES (39, 6.21999999999999975, 5.13999999999999968, 187);
INSERT INTO public.producto (codigo, precio_iva, precio, stock) VALUES (40, 11.7699999999999996, 9.73000000000000043, 25);
INSERT INTO public.producto (codigo, precio_iva, precio, stock) VALUES (41, 7.82000000000000028, 6.45999999999999996, 175);
INSERT INTO public.producto (codigo, precio_iva, precio, stock) VALUES (42, 7.91000000000000014, 6.54000000000000004, 135);
INSERT INTO public.producto (codigo, precio_iva, precio, stock) VALUES (43, 4.71999999999999975, 3.89999999999999991, 169);
INSERT INTO public.producto (codigo, precio_iva, precio, stock) VALUES (44, 2.77000000000000002, 2.29000000000000004, 131);
INSERT INTO public.producto (codigo, precio_iva, precio, stock) VALUES (45, 2.16999999999999993, 1.79000000000000004, 61);
INSERT INTO public.producto (codigo, precio_iva, precio, stock) VALUES (46, 8.76999999999999957, 7.25, 50);
INSERT INTO public.producto (codigo, precio_iva, precio, stock) VALUES (47, 4.21999999999999975, 3.49000000000000021, 169);
INSERT INTO public.producto (codigo, precio_iva, precio, stock) VALUES (48, 0.969999999999999973, 0.800000000000000044, 22);
INSERT INTO public.producto (codigo, precio_iva, precio, stock) VALUES (49, 3.22999999999999998, 2.66999999999999993, 91);
INSERT INTO public.producto (codigo, precio_iva, precio, stock) VALUES (50, 6.95000000000000018, 5.74000000000000021, 113);
INSERT INTO public.producto (codigo, precio_iva, precio, stock) VALUES (51, 2.85999999999999988, 2.35999999999999988, 53);
INSERT INTO public.producto (codigo, precio_iva, precio, stock) VALUES (52, 6.25999999999999979, 5.16999999999999993, 173);
INSERT INTO public.producto (codigo, precio_iva, precio, stock) VALUES (53, 4.94000000000000039, 4.08000000000000007, 57);
INSERT INTO public.producto (codigo, precio_iva, precio, stock) VALUES (54, 1.78000000000000003, 1.46999999999999997, 39);
INSERT INTO public.producto (codigo, precio_iva, precio, stock) VALUES (55, 9.84999999999999964, 8.14000000000000057, 61);
INSERT INTO public.producto (codigo, precio_iva, precio, stock) VALUES (56, 7.15000000000000036, 5.91000000000000014, 18);
INSERT INTO public.producto (codigo, precio_iva, precio, stock) VALUES (57, 3.29000000000000004, 2.7200000000000002, 71);
INSERT INTO public.producto (codigo, precio_iva, precio, stock) VALUES (58, 10.7300000000000004, 8.86999999999999922, 22);
INSERT INTO public.producto (codigo, precio_iva, precio, stock) VALUES (59, 3.91999999999999993, 3.24000000000000021, 96);
INSERT INTO public.producto (codigo, precio_iva, precio, stock) VALUES (60, 8.6899999999999995, 7.17999999999999972, 152);
INSERT INTO public.producto (codigo, precio_iva, precio, stock) VALUES (61, 3.93000000000000016, 3.25, 85);
INSERT INTO public.producto (codigo, precio_iva, precio, stock) VALUES (62, 9.22000000000000064, 7.62000000000000011, 165);
INSERT INTO public.producto (codigo, precio_iva, precio, stock) VALUES (63, 3.0299999999999998, 2.5, 183);
INSERT INTO public.producto (codigo, precio_iva, precio, stock) VALUES (64, 1.79000000000000004, 1.47999999999999998, 102);
INSERT INTO public.producto (codigo, precio_iva, precio, stock) VALUES (65, 3.68000000000000016, 3.04000000000000004, 164);
INSERT INTO public.producto (codigo, precio_iva, precio, stock) VALUES (66, 9.83000000000000007, 8.11999999999999922, 200);
INSERT INTO public.producto (codigo, precio_iva, precio, stock) VALUES (67, 5, 4.12999999999999989, 38);
INSERT INTO public.producto (codigo, precio_iva, precio, stock) VALUES (68, 10.3300000000000001, 8.53999999999999915, 116);
INSERT INTO public.producto (codigo, precio_iva, precio, stock) VALUES (69, 6.54999999999999982, 5.41000000000000014, 74);
INSERT INTO public.producto (codigo, precio_iva, precio, stock) VALUES (70, 7.20999999999999996, 5.95999999999999996, 122);
INSERT INTO public.producto (codigo, precio_iva, precio, stock) VALUES (71, 1.97999999999999998, 1.6399999999999999, 33);
INSERT INTO public.producto (codigo, precio_iva, precio, stock) VALUES (72, 7.54000000000000004, 6.23000000000000043, 140);
INSERT INTO public.producto (codigo, precio_iva, precio, stock) VALUES (73, 11.1300000000000008, 9.19999999999999929, 157);
INSERT INTO public.producto (codigo, precio_iva, precio, stock) VALUES (74, 9.42999999999999972, 7.79000000000000004, 21);
INSERT INTO public.producto (codigo, precio_iva, precio, stock) VALUES (75, 6.91999999999999993, 5.71999999999999975, 88);
INSERT INTO public.producto (codigo, precio_iva, precio, stock) VALUES (76, 9.80000000000000071, 8.09999999999999964, 36);
INSERT INTO public.producto (codigo, precio_iva, precio, stock) VALUES (77, 10.4100000000000001, 8.59999999999999964, 153);
INSERT INTO public.producto (codigo, precio_iva, precio, stock) VALUES (78, 3.56000000000000005, 2.93999999999999995, 123);
INSERT INTO public.producto (codigo, precio_iva, precio, stock) VALUES (79, 1.45999999999999996, 1.20999999999999996, 20);
INSERT INTO public.producto (codigo, precio_iva, precio, stock) VALUES (80, 8.47000000000000064, 7, 197);
INSERT INTO public.producto (codigo, precio_iva, precio, stock) VALUES (81, 2.14000000000000012, 1.77000000000000002, 191);
INSERT INTO public.producto (codigo, precio_iva, precio, stock) VALUES (82, 3.95999999999999996, 3.27000000000000002, 65);
INSERT INTO public.producto (codigo, precio_iva, precio, stock) VALUES (83, 4.48000000000000043, 3.70000000000000018, 53);
INSERT INTO public.producto (codigo, precio_iva, precio, stock) VALUES (84, 9.30000000000000071, 7.69000000000000039, 116);
INSERT INTO public.producto (codigo, precio_iva, precio, stock) VALUES (85, 11.3499999999999996, 9.38000000000000078, 71);
INSERT INTO public.producto (codigo, precio_iva, precio, stock) VALUES (86, 8.0600000000000005, 6.66000000000000014, 140);
INSERT INTO public.producto (codigo, precio_iva, precio, stock) VALUES (87, 1.55000000000000004, 1.28000000000000003, 101);
INSERT INTO public.producto (codigo, precio_iva, precio, stock) VALUES (88, 0.67000000000000004, 0.550000000000000044, 193);
INSERT INTO public.producto (codigo, precio_iva, precio, stock) VALUES (89, 2.5, 2.06999999999999984, 198);
INSERT INTO public.producto (codigo, precio_iva, precio, stock) VALUES (90, 5.59999999999999964, 4.62999999999999989, 56);
INSERT INTO public.producto (codigo, precio_iva, precio, stock) VALUES (91, 6.55999999999999961, 5.41999999999999993, 177);
INSERT INTO public.producto (codigo, precio_iva, precio, stock) VALUES (92, 2.04000000000000004, 1.68999999999999995, 166);
INSERT INTO public.producto (codigo, precio_iva, precio, stock) VALUES (93, 4.16000000000000014, 3.43999999999999995, 14);
INSERT INTO public.producto (codigo, precio_iva, precio, stock) VALUES (94, 4.45999999999999996, 3.68999999999999995, 86);
INSERT INTO public.producto (codigo, precio_iva, precio, stock) VALUES (95, 10.1999999999999993, 8.42999999999999972, 64);
INSERT INTO public.producto (codigo, precio_iva, precio, stock) VALUES (96, 6.32000000000000028, 5.21999999999999975, 21);
INSERT INTO public.producto (codigo, precio_iva, precio, stock) VALUES (97, 0.23000000000000001, 0.190000000000000002, 189);
INSERT INTO public.producto (codigo, precio_iva, precio, stock) VALUES (98, 2.81000000000000005, 2.31999999999999984, 56);
INSERT INTO public.producto (codigo, precio_iva, precio, stock ) VALUES (99, 8.77999999999999936, 7.25999999999999979, 144);
INSERT INTO public.producto (codigo, precio_iva, precio, stock ) VALUES (100, 11.4700000000000006, 9.48000000000000043, 166);
-- FIN PRODUCTO --

-- TICKET -- 
INSERT INTO public.ticket (id_ticket, fecha, hora, numero_socio, dni_trabajador_cajero, total) VALUES (2, '2019-08-17', '20:38:59', 79, '16051022G', 233);
INSERT INTO public.ticket (id_ticket, fecha, hora, numero_socio, dni_trabajador_cajero, total) VALUES (3, '2019-09-23', '15:33:42', 8, '16570928H', 44);
INSERT INTO public.ticket (id_ticket, fecha, hora, numero_socio, dni_trabajador_cajero, total) VALUES (6, '2019-08-03', '00:05:53', 94, '16561025P', 67);
INSERT INTO public.ticket (id_ticket, fecha, hora, numero_socio, dni_trabajador_cajero, total) VALUES (7, '2019-07-03', '00:49:56', NULL, '16170309Q', 49);
INSERT INTO public.ticket (id_ticket, fecha, hora, numero_socio, dni_trabajador_cajero, total) VALUES (8, '2019-10-01', '09:34:59', NULL, '16340327D', 67);
INSERT INTO public.ticket (id_ticket, fecha, hora, numero_socio, dni_trabajador_cajero, total) VALUES (9, '2019-10-01', '09:10:26', 29, '16440202T', 126);
INSERT INTO public.ticket (id_ticket, fecha, hora, numero_socio, dni_trabajador_cajero, total) VALUES (10, '2019-08-07', '00:41:32', 36, '16611108X', 122);
INSERT INTO public.ticket (id_ticket, fecha, hora, numero_socio, dni_trabajador_cajero, total) VALUES (11, '2019-06-15', '00:21:28', NULL, '16531223G', 88);
INSERT INTO public.ticket (id_ticket, fecha, hora, numero_socio, dni_trabajador_cajero, total) VALUES (12, '2019-06-19', '22:26:24', 47, '16430228A', 40);
INSERT INTO public.ticket (id_ticket, fecha, hora, numero_socio, dni_trabajador_cajero, total) VALUES (13, '2019-09-16', '04:53:35', 7, '16970222H', 12);
INSERT INTO public.ticket (id_ticket, fecha, hora, numero_socio, dni_trabajador_cajero, total) VALUES (14, '2019-06-13', '17:59:52', NULL, '16340405G', 22);
INSERT INTO public.ticket (id_ticket, fecha, hora, numero_socio, dni_trabajador_cajero, total) VALUES (15, '2019-09-14', '18:33:14', 49, '16070410U', 11);
INSERT INTO public.ticket (id_ticket, fecha, hora, numero_socio, dni_trabajador_cajero, total) VALUES (17, '2019-09-29', '16:51:43', 41, '16250612R', 99);
INSERT INTO public.ticket (id_ticket, fecha, hora, numero_socio, dni_trabajador_cajero, total) VALUES (18, '2019-09-30', '06:47:15', 83, '16850722M', 28);
INSERT INTO public.ticket (id_ticket, fecha, hora, numero_socio, dni_trabajador_cajero, total) VALUES (19, '2019-06-17', '17:49:12', 81, '16361111F', 96);
INSERT INTO public.ticket (id_ticket, fecha, hora, numero_socio, dni_trabajador_cajero, total) VALUES (20, '2019-06-25', '17:37:15', 26, '16791021D', 10);
INSERT INTO public.ticket (id_ticket, fecha, hora, numero_socio, dni_trabajador_cajero, total) VALUES (21, '2019-09-28', '18:58:12', 20, '16250430K', 45);
INSERT INTO public.ticket (id_ticket, fecha, hora, numero_socio, dni_trabajador_cajero, total) VALUES (22, '2019-08-17', '22:18:43', NULL, '16001105L', 110);
INSERT INTO public.ticket (id_ticket, fecha, hora, numero_socio, dni_trabajador_cajero, total) VALUES (23, '2019-09-01', '05:43:22', 20, '16810517E', 127);
INSERT INTO public.ticket (id_ticket, fecha, hora, numero_socio, dni_trabajador_cajero, total) VALUES (24, '2019-09-04', '04:21:24', 65, '16710610S', 199);
INSERT INTO public.ticket (id_ticket, fecha, hora, numero_socio, dni_trabajador_cajero, total) VALUES (26, '2019-07-29', '16:11:01', 84, '16090929D', 25);
INSERT INTO public.ticket (id_ticket, fecha, hora, numero_socio, dni_trabajador_cajero, total) VALUES (29, '2019-07-02', '12:44:32', 44, '16410123H', 67);
INSERT INTO public.ticket (id_ticket, fecha, hora, numero_socio, dni_trabajador_cajero, total) VALUES (30, '2019-08-30', '13:25:51', 10, '16601002Q', 34);
INSERT INTO public.ticket (id_ticket, fecha, hora, numero_socio, dni_trabajador_cajero, total) VALUES (1, '2019-05-27', '09:35:51', 60, '16590814Y', 123);
INSERT INTO public.ticket (id_ticket, fecha, hora, numero_socio, dni_trabajador_cajero, total) VALUES (4, '2019-05-27', '00:51:10', NULL, '16760706I', 99);
INSERT INTO public.ticket (id_ticket, fecha, hora, numero_socio, dni_trabajador_cajero, total) VALUES (5, '2019-05-27', '01:39:13', 86, '16580723O', 25);
INSERT INTO public.ticket (id_ticket, fecha, hora, numero_socio, dni_trabajador_cajero, total) VALUES (16, '2019-05-27', '15:05:09', 74, '16721224T', 78);
INSERT INTO public.ticket (id_ticket, fecha, hora, numero_socio, dni_trabajador_cajero, total) VALUES (25, '2019-05-27', '00:39:00', 29, '16830515V', 188);
INSERT INTO public.ticket (id_ticket, fecha, hora, numero_socio, dni_trabajador_cajero, total) VALUES (27, '2019-05-27', '12:33:36', NULL, '16781125G', 88);
INSERT INTO public.ticket (id_ticket, fecha, hora, numero_socio, dni_trabajador_cajero, total) VALUES (28, '2019-05-27', '15:16:13', 92, '16630211C', 44);
-- FIN TICKET --

-- PRODUCTO COMPRADOS --
INSERT INTO public.productos_comprados (codigo_producto, id_ticket_ticket, cantidad) VALUES (1, 12, 1);
INSERT INTO public.productos_comprados (codigo_producto, id_ticket_ticket, cantidad) VALUES (4, 13, 1);
INSERT INTO public.productos_comprados (codigo_producto, id_ticket_ticket, cantidad) VALUES (51, 7, 2);
INSERT INTO public.productos_comprados (codigo_producto, id_ticket_ticket, cantidad) VALUES (23, 14, 2);
INSERT INTO public.productos_comprados (codigo_producto, id_ticket_ticket, cantidad) VALUES (56, 15, 2);
INSERT INTO public.productos_comprados (codigo_producto, id_ticket_ticket, cantidad) VALUES (23, 8, 3);
INSERT INTO public.productos_comprados (codigo_producto, id_ticket_ticket, cantidad) VALUES (41, 12, 3);
INSERT INTO public.productos_comprados (codigo_producto, id_ticket_ticket, cantidad) VALUES (89, 13, 3);
INSERT INTO public.productos_comprados (codigo_producto, id_ticket_ticket, cantidad) VALUES (11, 12, 3);
INSERT INTO public.productos_comprados (codigo_producto, id_ticket_ticket, cantidad) VALUES (22, 9, 4);
INSERT INTO public.productos_comprados (codigo_producto, id_ticket_ticket, cantidad) VALUES (88, 10, 5);
INSERT INTO public.productos_comprados (codigo_producto, id_ticket_ticket, cantidad) VALUES (56, 11, 6);
INSERT INTO public.productos_comprados (codigo_producto, id_ticket_ticket, cantidad) VALUES (79, 15, 7);
INSERT INTO public.productos_comprados (codigo_producto, id_ticket_ticket, cantidad) VALUES (1, 7, 8);
INSERT INTO public.productos_comprados (codigo_producto, id_ticket_ticket, cantidad) VALUES (2, 9, 9);
INSERT INTO public.productos_comprados (codigo_producto, id_ticket_ticket, cantidad) VALUES (3, 5, 10);
INSERT INTO public.productos_comprados (codigo_producto, id_ticket_ticket, cantidad) VALUES (4, 9, 11);
INSERT INTO public.productos_comprados (codigo_producto, id_ticket_ticket, cantidad) VALUES (5, 14, 12);
INSERT INTO public.productos_comprados (codigo_producto, id_ticket_ticket, cantidad) VALUES (6, 5, 13);
INSERT INTO public.productos_comprados (codigo_producto, id_ticket_ticket, cantidad) VALUES (7, 4, 14);
INSERT INTO public.productos_comprados (codigo_producto, id_ticket_ticket, cantidad) VALUES (8, 14, 15);
INSERT INTO public.productos_comprados (codigo_producto, id_ticket_ticket, cantidad) VALUES (9, 3, 16);
INSERT INTO public.productos_comprados (codigo_producto, id_ticket_ticket, cantidad) VALUES (10, 15, 17);
INSERT INTO public.productos_comprados (codigo_producto, id_ticket_ticket, cantidad) VALUES (11, 13, 18);
INSERT INTO public.productos_comprados (codigo_producto, id_ticket_ticket, cantidad) VALUES (89, 10, 19);
INSERT INTO public.productos_comprados (codigo_producto, id_ticket_ticket, cantidad) VALUES (16, 3, 20);
INSERT INTO public.productos_comprados (codigo_producto, id_ticket_ticket, cantidad) VALUES (14, 15, 21);
INSERT INTO public.productos_comprados (codigo_producto, id_ticket_ticket, cantidad) VALUES (15, 10, 21);
INSERT INTO public.productos_comprados (codigo_producto, id_ticket_ticket, cantidad) VALUES (97, 7, 21);
INSERT INTO public.productos_comprados (codigo_producto, id_ticket_ticket, cantidad) VALUES (17, 15, 22);
INSERT INTO public.productos_comprados (codigo_producto, id_ticket_ticket, cantidad) VALUES (18, 1, 23);
INSERT INTO public.productos_comprados (codigo_producto, id_ticket_ticket, cantidad) VALUES (19, 12, 24);
INSERT INTO public.productos_comprados (codigo_producto, id_ticket_ticket, cantidad) VALUES (56, 9, 25);
INSERT INTO public.productos_comprados (codigo_producto, id_ticket_ticket, cantidad) VALUES (21, 3, 26);
INSERT INTO public.productos_comprados (codigo_producto, id_ticket_ticket, cantidad) VALUES (22, 4, 27);
INSERT INTO public.productos_comprados (codigo_producto, id_ticket_ticket, cantidad) VALUES (23, 3, 28);
INSERT INTO public.productos_comprados (codigo_producto, id_ticket_ticket, cantidad) VALUES (22, 3, 28);
INSERT INTO public.productos_comprados (codigo_producto, id_ticket_ticket, cantidad) VALUES (25, 8, 29);
INSERT INTO public.productos_comprados (codigo_producto, id_ticket_ticket, cantidad) VALUES (26, 5, 30);
INSERT INTO public.productos_comprados (codigo_producto, id_ticket_ticket, cantidad) VALUES (15, 5, 30);

-- FIN PRODUCTO COMPRADOS --

-- PRODUCTO DEVUELTO --
INSERT INTO public.productos_devueltos (id_ticket_ticket, codigo_producto, cantidad) VALUES (1, 1, 1);
INSERT INTO public.productos_devueltos (id_ticket_ticket, codigo_producto, cantidad) VALUES (2, 4, 1);
INSERT INTO public.productos_devueltos (id_ticket_ticket, codigo_producto, cantidad) VALUES (2, 51, 6);
INSERT INTO public.productos_devueltos (id_ticket_ticket, codigo_producto, cantidad) VALUES (3, 23, 3);
INSERT INTO public.productos_devueltos (id_ticket_ticket, codigo_producto, cantidad) VALUES (3, 41, 5);
INSERT INTO public.productos_devueltos (id_ticket_ticket, codigo_producto, cantidad) VALUES (4, 22, 7);
INSERT INTO public.productos_devueltos (id_ticket_ticket, codigo_producto, cantidad) VALUES (5, 88, 6);
INSERT INTO public.productos_devueltos (id_ticket_ticket, codigo_producto, cantidad) VALUES (6, 56, 7);
INSERT INTO public.productos_devueltos (id_ticket_ticket, codigo_producto, cantidad) VALUES (7, 79, 5);
-- FIN PRODUCTO DEVUELTO --

-- CUPON --
INSERT INTO public.cupon (id_cupon, descuento) VALUES (1, 10);
INSERT INTO public.cupon (id_cupon, descuento) VALUES (2, 10);
INSERT INTO public.cupon (id_cupon, descuento) VALUES (3, 10);
INSERT INTO public.cupon (id_cupon, descuento) VALUES (4, 10);
INSERT INTO public.cupon (id_cupon, descuento) VALUES (5, 10);
INSERT INTO public.cupon (id_cupon, descuento) VALUES (6, 10);
INSERT INTO public.cupon (id_cupon, descuento) VALUES (7, 10);
INSERT INTO public.cupon (id_cupon, descuento) VALUES (8, 10);
INSERT INTO public.cupon (id_cupon, descuento) VALUES (9, 10);
INSERT INTO public.cupon (id_cupon, descuento) VALUES (10, 10);
INSERT INTO public.cupon (id_cupon, descuento) VALUES (11, 15);
INSERT INTO public.cupon (id_cupon, descuento) VALUES (12, 15);
INSERT INTO public.cupon (id_cupon, descuento) VALUES (13, 15);
INSERT INTO public.cupon (id_cupon, descuento) VALUES (14, 15);
INSERT INTO public.cupon (id_cupon, descuento) VALUES (15, 15);
INSERT INTO public.cupon (id_cupon, descuento) VALUES (16, 15);
INSERT INTO public.cupon (id_cupon, descuento) VALUES (17, 15);
INSERT INTO public.cupon (id_cupon, descuento) VALUES (18, 15);
INSERT INTO public.cupon (id_cupon, descuento) VALUES (19, 15);
INSERT INTO public.cupon (id_cupon, descuento) VALUES (20, 15);
-- FIN CUPON --

-- SOCIO-CUPON --
INSERT INTO public.socios_cupon (numero_socio, id_cupon_cupon) VALUES (13, 1);
INSERT INTO public.socios_cupon (numero_socio, id_cupon_cupon) VALUES (23, 2);
INSERT INTO public.socios_cupon (numero_socio, id_cupon_cupon) VALUES (62, 3);
INSERT INTO public.socios_cupon (numero_socio, id_cupon_cupon) VALUES (1, 4);
INSERT INTO public.socios_cupon (numero_socio, id_cupon_cupon) VALUES (90, 5);
INSERT INTO public.socios_cupon (numero_socio, id_cupon_cupon) VALUES (8, 6);
INSERT INTO public.socios_cupon (numero_socio, id_cupon_cupon) VALUES (47, 7);
INSERT INTO public.socios_cupon (numero_socio, id_cupon_cupon) VALUES (53, 8);
INSERT INTO public.socios_cupon (numero_socio, id_cupon_cupon) VALUES (51, 9);
INSERT INTO public.socios_cupon (numero_socio, id_cupon_cupon) VALUES (97, 10);
-- FIN SOCIO-CUPON --

-- PRODUCTO-CUPON --
INSERT INTO public.producto_cupon (codigo_producto, id_cupon_cupon) VALUES (1, 1);
INSERT INTO public.producto_cupon (codigo_producto, id_cupon_cupon) VALUES (1, 2);
INSERT INTO public.producto_cupon (codigo_producto, id_cupon_cupon) VALUES (2, 3);
INSERT INTO public.producto_cupon (codigo_producto, id_cupon_cupon) VALUES (2, 4);
INSERT INTO public.producto_cupon (codigo_producto, id_cupon_cupon) VALUES (3, 5);
INSERT INTO public.producto_cupon (codigo_producto, id_cupon_cupon) VALUES (3, 6);
INSERT INTO public.producto_cupon (codigo_producto, id_cupon_cupon) VALUES (4, 7);
INSERT INTO public.producto_cupon (codigo_producto, id_cupon_cupon) VALUES (4, 8);
INSERT INTO public.producto_cupon (codigo_producto, id_cupon_cupon) VALUES (5, 9);
INSERT INTO public.producto_cupon (codigo_producto, id_cupon_cupon) VALUES (5, 10);
INSERT INTO public.producto_cupon (codigo_producto, id_cupon_cupon) VALUES (6, 11);
INSERT INTO public.producto_cupon (codigo_producto, id_cupon_cupon) VALUES (6, 12);
INSERT INTO public.producto_cupon (codigo_producto, id_cupon_cupon) VALUES (7, 13);
INSERT INTO public.producto_cupon (codigo_producto, id_cupon_cupon) VALUES (7, 14);
INSERT INTO public.producto_cupon (codigo_producto, id_cupon_cupon) VALUES (8, 15);
INSERT INTO public.producto_cupon (codigo_producto, id_cupon_cupon) VALUES (8, 16);
INSERT INTO public.producto_cupon (codigo_producto, id_cupon_cupon) VALUES (9, 17);
INSERT INTO public.producto_cupon (codigo_producto, id_cupon_cupon) VALUES (9, 18);
INSERT INTO public.producto_cupon (codigo_producto, id_cupon_cupon) VALUES (10, 19);
INSERT INTO public.producto_cupon (codigo_producto, id_cupon_cupon) VALUES (10, 20);
-- FIN PRODUCTO-CUPON --

-- PRODUCTO EN OFERTA --
INSERT INTO public.producto_en_oferta (id_oferta_oferta, codigo_producto) VALUES (1, 10);
INSERT INTO public.producto_en_oferta (id_oferta_oferta, codigo_producto) VALUES (12, 20);
INSERT INTO public.producto_en_oferta (id_oferta_oferta, codigo_producto) VALUES (23, 30);
INSERT INTO public.producto_en_oferta (id_oferta_oferta, codigo_producto) VALUES (34, 40);
INSERT INTO public.producto_en_oferta (id_oferta_oferta, codigo_producto) VALUES (45, 50);
INSERT INTO public.producto_en_oferta (id_oferta_oferta, codigo_producto) VALUES (56, 60);
INSERT INTO public.producto_en_oferta (id_oferta_oferta, codigo_producto) VALUES (67, 70);
INSERT INTO public.producto_en_oferta (id_oferta_oferta, codigo_producto) VALUES (78, 80);
INSERT INTO public.producto_en_oferta (id_oferta_oferta, codigo_producto) VALUES (89, 90);
INSERT INTO public.producto_en_oferta (id_oferta_oferta, codigo_producto) VALUES (99, 100);
INSERT INTO public.producto_en_oferta (id_oferta_oferta, codigo_producto) VALUES (100, 5);
INSERT INTO public.producto_en_oferta (id_oferta_oferta, codigo_producto) VALUES (13, 15);
INSERT INTO public.producto_en_oferta (id_oferta_oferta, codigo_producto) VALUES (31, 25);
INSERT INTO public.producto_en_oferta (id_oferta_oferta, codigo_producto) VALUES (41, 35);
INSERT INTO public.producto_en_oferta (id_oferta_oferta, codigo_producto) VALUES (14, 45);
INSERT INTO public.producto_en_oferta (id_oferta_oferta, codigo_producto) VALUES (24, 55);
INSERT INTO public.producto_en_oferta (id_oferta_oferta, codigo_producto) VALUES (25, 65);
INSERT INTO public.producto_en_oferta (id_oferta_oferta, codigo_producto) VALUES (35, 75);
INSERT INTO public.producto_en_oferta (id_oferta_oferta, codigo_producto) VALUES (53, 85);
INSERT INTO public.producto_en_oferta (id_oferta_oferta, codigo_producto) VALUES (60, 95);
INSERT INTO public.producto_en_oferta (id_oferta_oferta, codigo_producto) VALUES (1, 18);
-- FIN PRODUCTO EN OFERTA --